variety_name,basic_material_number,crop_description,pre_commercial_name
BC1764,000000000011184124,BROCCOLI,PS-05171764
TLALOC,000000000010797597,BROCCOLI,PX-261295
LIEUTENANT,000000000010916060,BROCCOLI,PX-05151597
CHEVALIER,000000000010840768,BROCCOLI,XP-12149
BC1691,000000000011061973,BROCCOLI,PS-05161691
BC1611,000000000011199075,BROCCOLI,RS-05151611
HERITAGE,000000000010761100,BROCCOLI,PX-255295
FANTASTICO,000000000010836874,BROCCOLI,PX-05111234
SIBSEY,000000000010780268,BROCCOLI,RX-05950001
CASTLE DOME,000000000010768222,BROCCOLI,PX-05131536
IRONMAN,000000000010760300,BROCCOLI,RX-05931160
STEEL,000000000010890909,BROCCOLI,RX-05951180
LEGACY,000000000010833041,BROCCOLI,LEGACY
SV1822BL,000000000011484438,BROCCOLI,SVR-05181822
OMPHALOS,000000000010785920,CABBAGE,OMPHALOS
ASTRUS PLUS,000000000010784104,CABBAGE,HN-11799181
QUARTZ,000000000010785055,CABBAGE,GANNESHA
KRONOS,000000000010832838,CABBAGE,RX-3141
ARRIVIST,000000000010834526,CABBAGE,RX-3138
CHAMP,000000000010772411,CABBAGE,CHAMP
ZENNITH,000000000010805087,CABBAGE,ZENNITH
SHAURYA,000000000010791953,CABBAGE,HN-11720057
PANDION,000000000010770706,CABBAGE,RX-3156
RAPIDION,000000000010927323,CABBAGE,RX-05873423
MILLENIUM III,000000000010791037,CABBAGE,MILLENIUM-III
GREEN FLASH,000000000010788791,CABBAGE,GREEN-FLASH
GREEN CHALLENGER,000000000010809234,CABBAGE,GREEN-CHALLENGER
SV3336JB,000000000010828276,CABBAGE,PX-05843336
GLORIA,000000000010791802,CABBAGE,RX-86000
ATLANTIS,000000000010811655,CABBAGE,PX-4389
DOLARES,000000000010806948,CABBAGE,DOLARES
GREEN VOYAGER,000000000010823114,CABBAGE,GREEN-VOYAGER
BLUE DYNASTY,000000000010771386,CABBAGE,EX-15509
SAINT,000000000010822898,CABBAGE,SAINT
WONDER BALL,000000000010779179,CABBAGE,HN-11710038
WINTER SPECIAL,000000000010785895,CABBAGE,RX-7003
WINTERSUPREME PLUS,000000000010774226,CABBAGE,RX-05807004
RINDA,000000000010767595,CABBAGE,RINDA
MENZANIA,000000000010838701,CABBAGE,RX-05843338
VESTRI,000000000010891710,CABBAGE,RX-903005
AMBROSIA,000000000010760320,CABBAGE,RX-05803198
ATRIA,000000000010817844,CABBAGE,ATRIA
ROXY,000000000010809017,CABBAGE,ROXY
RED DYNASTY,000000000010757896,CABBAGE,EX-15511R
TROPICANA,000000000010783462,CABBAGE,PX-86384
TROPIC SUN PLUS,000000000010825916,CABBAGE,HN-11720242
CARIBBEAN QUEEN,000000000010781001,CABBAGE,PX-11190
AMPHION,000000000010775734,CABBAGE,RX-85231
OXYLUS,000000000010775733,CABBAGE,OXYLUS
TIPTON,000000000010785579,CAULIFLOWER,RX-5344
MOMENTUM,000000000010767802,CAULIFLOWER,RX-05955686
CHIEFTAIN,000000000010775735,CAULIFLOWER,PX-533990
TYPICAL,000000000010759750,CAULIFLOWER,RX-05955978
SV5864AC,000000000011496104,CAULIFLOWER,RX05905864
RS 5350,000000000010766202,CAULIFLOWER,RX-5350
TALVENA,000000000010893856,CAULIFLOWER,RS-05955962
BROMHA,000000000010812733,CAULIFLOWER,RX-05935437
AREZZO,000000000010800197,CAULIFLOWER,PX-05142503
RS 05955609,000000000010773995,CAULIFLOWER,RX-05955609
DEVINA,000000000010771315,CAULIFLOWER,PX-7015
SV5965AC,000000000010927276,CAULIFLOWER,RX-05965965
VENEZA,000000000010817705,CAULIFLOWER,HX-10121513
MEGHA,000000000010792532,CAULIFLOWER,RX-05995338
SV5777AC,000000000011057674,CAULIFLOWER,RX-05985777
TONALE,000000000010778297,CAULIFLOWER,RX-05945993
JUBERA,000000000011305297,CAULIFLOWER,RX-05905839
CHEDDAR,000000000010905126,CAULIFLOWER,PX-661996
VERONA CMS,000000000010819204,CAULIFLOWER,PX-05142501
GIEWONT,000000000010910844,CAULIFLOWER,RX-05975785
CIELO BLANCO,000000000010839188,CAULIFLOWER,PX-514415
DAWN 175,000000000010829649,CAULIFLOWER,RX-10950175
SV5697AC,000000000010927274,CAULIFLOWER,RX-05975697
ABENI,000000000010802833,CAULIFLOWER,RX-05965687
RUSHMORE,000000000010762480,CAULIFLOWER,RX-83234
MINUTEMAN,000000000010791805,CAULIFLOWER,PX-520389
CARANTIC,000000000010836344,CAULIFLOWER,RX-05975738
BARCELONA CMS,000000000010769645,CAULIFLOWER,PX-05142502
CONERO,000000000010764398,CAULIFLOWER,RX-05905261
FORATA,000000000010808410,CAULIFLOWER,RX-05965710
SV5982AC,000000000010910840,CAULIFLOWER,RX-05975982
FREEDOM,000000000010806052,CAULIFLOWER,RX-5209
FORTALEZA,000000000010910847,CAULIFLOWER,RX-05975781
SV5818AC,000000000011144939,CAULIFLOWER,RX-05985818
BARKHA,000000000010802888,CAULIFLOWER,RX-05995340
BRM 51-1049 SC,000000000010878283,BROCCOLI,
BRM 51-1048 SI,000000000010844879,BROCCOLI,
WGP 56-1756 SI,000000000010893788,CABBAGE,
CMA 56-48 SI * HP 48,000000000010843147,CAULIFLOWER,
CENTRO,000000000011145005,MELON,CENTRO
DORAL,000000000010811084,MELON,PX-1087
GIORILLO,000000000011203247,MELON,PX-03773203
YELLOW FUN,000000000011143512,MELON,YELLOWFUN
SV3062MN,000000000011048062,MELON,EX-11133062
DRM 3174,000000000011144043,MELON,DRM-3174
DRM 3241,000000000011141854,MELON,DRM-3241
RS 11105026,000000000010791185,MELON,RX-11105026
SV6556MC,000000000011492865,MELON,CHA-UMH-6556
FIESTA,000000000010837961,MELON,PX-7282
AMBROSIA HYB,000000000010784032,MELON,AMBROSIA-HYB
MELIDOR,000000000011137447,MELON,MELIDOR
DRG 3228,000000000011165054,MELON,DRG-3228
MC LAREN,000000000011137453,MELON,DRG-2803
SANTA FE,000000000010828870,MELON,PX-32192
SATURNO,000000000010797744,MELON,PX9794
ORANGE DELIGHT,000000000010757908,MELON,PX-16994
DEWLICIOUS,000000000010868965,MELON,PX-8893
SV5448ML,000000000011492883,MELON,ITA-UMH-5448
HIRANYA,000000000010768949,MELON,RX-03440042
HY-MARK,000000000010815684,MELON,PX-781
BENGAL,000000000010771019,SQUASH,BENGAL
ROMOLO,000000000010757625,SQUASH,EX-16063
GHEPPIO,000000000010809239,SQUASH,RX-4840526
GREYZINI,000000000010784476,SQUASH,GREYZINI
STORRS GREEN,000000000010762938,SQUASH,PSX-11295
PRESIDENT,000000000010777608,SQUASH,PRESIDENT
KIMBER,000000000011203434,SQUASH,990800008
SENATOR,000000000010825318,SQUASH,EXH-1044
TAYBELLE PM,000000000010761873,SQUASH,EX-1755
CANESI,000000000010791054,SQUASH,PX-11304
PX 13067051,000000000010804531,SQUASH,PX-13067051
PRIZEWINNER HYBRID,000000000010824083,SQUASH,PRIZEWINNER-HYBRID
3PH74,000000000010845713,SQUASH,3PH74
BUCKSKIN,000000000010781007,SQUASH,PSX-10295
ORANGE SMOOTHIE,000000000010759949,SQUASH,ORANGE-SMOOTHIE
ESKENDERANY,000000000010839413,SQUASH,ESKENDERANY
REVERA,000000000010837970,SQUASH,PX-4716877
CLAUDINA,000000000010770629,SQUASH,EX-16060
MARZOUKA,000000000010817545,SQUASH,RX-4713127
PS 4843346,000000000010817129,SQUASH,PX-4843346
TOP KAPI,000000000010809784,SQUASH,TOP-KAPI
CLARITA,000000000010762668,SQUASH,CLARITA
ANITA,000000000010782315,SQUASH,PX-3981
VITORIA,000000000010836504,SQUASH,HX-10292002
DIXIE,000000000010788611,SQUASH,EX-CR2
SUNNY DELIGHT,000000000010832353,SQUASH,PX-42395
CHACABUCO,000000000010796848,SQUASH,PX-13046073
PS 2588,000000000010770734,SQUASH,PSX-2588
AMBASSADOR,000000000010819700,SQUASH,AMBASSADOR
GREEN ECLIPSE,000000000010765457,SQUASH,GREEN-ECLIPSE
TAYLOR,000000000011207230,SQUASH,91020106
SV9054YG,000000000011277230,SQUASH,ZGNEHH9054
PS 13067464,000000000011106525,SQUASH,SVR13067464
TERMINATOR,000000000010834595,SQUASH,PX-04724007
YELLOW GOLD 48,000000000010806701,WATERMELON,EX-14520548
SUGARPAK,000000000010821176,WATERMELON,EX-6248S
PATA NEGRA,000000000010784042,WATERMELON,PATA-NEGRA
PS 11018330,000000000010815136,WATERMELON,PX-11018330
STARBURST,000000000010908111,WATERMELON,EX-6194
STARBRITE,000000000010757562,WATERMELON,EX-6004
APOORVA,000000000010800081,WATERMELON,APOORVA
DELTA,000000000010794660,WATERMELON,PX-36594
SENTINEL,000000000010804909,WATERMELON,PX-36694
YELLOW DOLL,000000000010761105,WATERMELON,YELLOW-DOLL
BONTA,000000000010762115,WATERMELON,EX-04513748
FENWAY,000000000010807420,WATERMELON,EX-6279
ROMALINDA,000000000010846945,WATERMELON,PX-04911712
MICKYLEE,000000000010764465,WATERMELON,MICKYLEE
SHARADA,000000000010800059,GOURD,RX-10492055
JHALARI,000000000010773440,GOURD,RX-10411084
SHBG 48,000000000010798361,GOURD,RX-10421048
ABISHEK,000000000010783574,GOURD,RX-10411200
FR COUPLE,000000000010905071,GOURD,
MANDY,000000000010757915,CUCUMBER,RX-93246
MERENGUE,000000000010764314,CUCUMBER,RX-03301930
MONISIA,000000000011297816,CUCUMBER,PSP-03306375
MIRABELLE,000000000010784040,CUCUMBER,RX-94266
CLAUDINE,000000000010818698,CUCUMBER,
CORENTINE,000000000010782289,CUCUMBER,RX-03303734
MARINDA,000000000010803348,CUCUMBER,MARINDA-F1-RS
MIDIOS,000000000011167072,CUCUMBER,DRB-0544
PACTO,000000000011167120,CUCUMBER,DRB-6075
MINI STARS,000000000011176484,CUCUMBER,DRB-7448
PRINTO,000000000011167110,CUCUMBER,DRB-0019
UNISTARS,000000000011627519,CUCUMBER,DRB-8912
DRL-9510,000000000011627642,CUCUMBER,DRL-9510
CAMARO,000000000011176470,CUCUMBER,CAMARO
LOUSTIK,000000000010787642,CUCUMBER,RX-03639968
ULRICA,000000000011167066,CUCUMBER,DRL-1061
FITNESS,000000000010820933,CUCUMBER,FITNESS
SHAKIRA,000000000011176488,CUCUMBER,DRL-1132
DOMINICA,000000000011167068,CUCUMBER,DRL-8234
RAPIDES,000000000011627300,CUCUMBER,DRL-9384
SAFRANA,000000000011176486,CUCUMBER,DRB-1023
SAXES,000000000011167136,CUCUMBER,DRB-4200
TORNAC,000000000011167074,CUCUMBER,GORDION
BARRACUDA,000000000011637908,CUCUMBER,DRB-4519
RS 03602833,000000000010890877,CUCUMBER,RX-03602833
KIRVEM,000000000011645351,CUCUMBER,DSB-8061
MASCOT,000000000011167118,CUCUMBER,DRB-0183
SV8975CB,000000000011627526,CUCUMBER,DRB-8975
SV8043CB,000000000011627707,CUCUMBER,DRB-8043
DRB 4946,000000000011188974,CUCUMBER,DRB-4946
TERMESSOS,000000000010808136,CUCUMBER,BX-03641491
FENOMENO,000000000011167138,CUCUMBER,DRB-2383
SAED,000000000010792105,CUCUMBER,RX-24189
PS 64,000000000011141852,CUCUMBER,BAP-EGH52593
DIDIM,000000000011167130,CUCUMBER,DRB-4685
DRB 6290,000000000011206544,CUCUMBER,DRB-6290
RS 03647736,000000000010768599,CUCUMBER,RX-03647736
BARAKA,000000000010811161,CUCUMBER,RX-26302
SV8047CB,000000000011642457,CUCUMBER,DSB-8047
BABY MINI,000000000010799246,CUCUMBER,RX-03649011
LEGENDARIO,000000000011637934,CUCUMBER,DRL-0076
ESPARTACO,000000000011627571,CUCUMBER,DRL-0075
SWEET SUCCESS PS,000000000010757910,CUCUMBER,SWEET-SUCCESS
KENIA,000000000010757939,CUCUMBER,PX-32013
NATASJA,000000000010771397,CUCUMBER,NATASJA
CC7140,000000000010844634,CUCUMBER,EX14727140
LEVINA,000000000010770733,CUCUMBER,LEVINA
IVORY,000000000010794784,CUCUMBER,RX-03300190
EUREKA,000000000010902025,CUCUMBER,PX-2888
EXPEDITION,000000000010763728,CUCUMBER,EX-04506116
EXCURSION,000000000010773646,CUCUMBER,EXCURSION
JOURNEY,000000000010834335,CUCUMBER,EX-4564229
VLASPIK UNBL,000000000010761865,CUCUMBER,VLASPIK
DARINA UNBL,000000000010767185,CUCUMBER,DARINA-F1-RS
DARLINGTON UNBL,000000000010838577,CUCUMBER,PX14710885
INDIO,000000000010811228,CUCUMBER,PX-155595
SPEEDWAY-UNBL,000000000010833141,CUCUMBER,PX-104388
CORTEZ UNBL,000000000010826304,CUCUMBER,PX-191091
THUNDERBIRD,000000000010792106,CUCUMBER,PX-100395
EDONA,000000000010764462,CUCUMBER,RX-19001
DASHER II UNBL,000000000010792102,CUCUMBER,PX-1274
PRINCE UNBL,000000000010844612,CUCUMBER,EX-167694
SAMARA UNBL,000000000010904805,CUCUMBER,PSX-141591
SAFAA UNBL,000000000010776124,CUCUMBER,SAFAA
BABYLON UNBL,000000000010904031,CUCUMBER,PX-30785
SV4196CD UNBL,000000000011488046,CUCUMBER,SVR-03664196
HAYEL UNBL,000000000010767636,CUCUMBER,PX-3605207
PS 3605347,000000000010762610,CUCUMBER,PX-3605347
RS 03643569 UNBL,000000000010822316,CUCUMBER,RX-03643569
RS 03471143,000000000010764347,CUCUMBER,RX-03471143
MALINI,000000000010815792,CUCUMBER,RX-89096
PS 109188 POLL,000000000010908098,CUCUMBER,PS-109188-POLL
SV4142CL,000000000011255559,CUCUMBER,SVR14764142
SV4212CL,000000000011255661,CUCUMBER,SVR14764212
PS 101695 POLL,000000000010831242,CUCUMBER,PX-101695-POLL
275-POLL,000000000010788419,CUCUMBER,275-POLL
226-POLL,000000000010757624,CUCUMBER,226-POLL
POINSETT 76,000000000010817127,CUCUMBER,POINSETT-76
148 POLL,000000000010791296,CUCUMBER,148-POLL
TRAVITO,000000000010772674,CUCUMBER,RX-95996
CHA 192-89.39.4.20.8.1.1.M MO,000000000011217731,MELON,
CHA 38-ORANG MO,000000000011145009,MELON,
WSH 39-233 AN * HP 233,000000000010893211,MELON,
ZGN 48-701 * HP 243,000000000010858809,SQUASH,
WCS 888-0261,000000000010894390,WATERMELON,
WML 45-1019S,000000000010908720,WATERMELON,
APD 147-5007 GY,000000000010855380,CUCUMBER,
BAP 35-203 GY * HP 203,000000000010871392,CUCUMBER,
BAP 36-536 GY * HP 536,000000000010895696,CUCUMBER,
BAP 36-1091 GY,000000000010893740,CUCUMBER,
PSL 33-EK71 GY * HP 427,000000000010894681,CUCUMBER,
APD 46-27 MO * HP 464,000000000010909599,CUCUMBER,
API 45-5298 GY,000000000010906514,CUCUMBER,
API 74-199 MO * HP 199,000000000010845137,CUCUMBER,
ASD 35-177 MO * HP 177,000000000010902298,CUCUMBER,
ASD 35-207 MO * HP 207,000000000010841613,CUCUMBER,
ASL 147-2013 MO,000000000010910368,CUCUMBER,
ASL 35-229 MO * HP 229,000000000010908262,CUCUMBER,
ASL 35-1013 GY,000000000010910064,CUCUMBER,
ASL 147-2014 MO,000000000010894352,CUCUMBER,
ASL 35-551 GY * HP 551,000000000010841469,CUCUMBER,
ASL 35-122 MO * HP 122,000000000010886897,CUCUMBER,
ASL 35-138 GY * HP 138,000000000010910515,CUCUMBER,
ASL 36-332 MO * HP 332,000000000010909708,CUCUMBER,
ASL 147-2004 MO,000000000010841937,CUCUMBER,
ASL 147-MALE INVASION,000000000011196421,CUCUMBER,
BAF 36-1085 MO,000000000010893863,CUCUMBER,
BAF 35-224 GY * HP 224,000000000010903303,CUCUMBER,
BAF 35-1008 MO,000000000010894264,CUCUMBER,
TAS 34-5324 PF,000000000010897682,CUCUMBER,
ETNA,000000000010761939,"BEAN, DRY",EX-B213
ETNA STOCK,000000000010791406,"BEAN, DRY",
TEGGIA,000000000010791448,"BEAN, DRY",EX-382
RED-ROVER-STOCK,000000000010780536,"BEAN, DRY",RED-ROVER-STOCK
CABERNET STOCK,000000000010785299,"BEAN, DRY",EX-341
PINK PANTHER STOCK,000000000010840052,"BEAN, DRY",EX-08590462-STOCK
CLOUSEAU STOCK,000000000010798696,"BEAN, DRY",EX-08530714-STOCK
SVS 0863,000000000010770169,"BEAN, DRY",EX-08560863-STOCK
WINDBREAKER STOCK,000000000010823799,"BEAN, DRY",EX-08530762-STOCK
BA1001,000000000011099231,"BEAN, GARDEN",FIVC6V1001
BA0999,000000000011099233,"BEAN, GARDEN",FIVC6V0999
HERCULES,000000000010791447,"BEAN, GARDEN",EX-373
STRIKE,000000000010820976,"BEAN, GARDEN",EX-B77
SYBARIS,000000000011078841,"BEAN, GARDEN",SV08071301
BA0958,000000000011099235,"BEAN, GARDEN",FMGC6V0958
TEMA,000000000010760697,"BEAN, GARDEN",EX-B201
BRONCO,000000000010817824,"BEAN, GARDEN",EX-B172
OPUS,000000000010783395,"BEAN, GARDEN",EX-B223
VALENTINO,000000000010827188,"BEAN, GARDEN",EX-15321397
SV1545GA,000000000011688970,"BEAN, GARDEN",10-DK-FMS-1545
XERA,000000000010784748,"BEAN, GARDEN",RX-1500
MAESTRALE,000000000010777613,"BEAN, GARDEN",RX-08021523
PAULISTA,000000000010761925,"BEAN, GARDEN",RX-1377
PRETORIA,000000000010758377,"BEAN, GARDEN",RX-1515
SV1541GA,000000000011496584,"BEAN, GARDEN",SV08091541
GIOLLI,000000000010915589,"BEAN, GARDEN",RS08051531
SAPORRO,000000000010762887,"BEAN, GARDEN",RX-1508
GOLD DUST,000000000010767404,"BEAN, GARDEN",EX-15340806
SV1003GF,000000000011099463,"BEAN, GARDEN",WAXC6V1003
GOLD MINE,000000000010775871,"BEAN, GARDEN",EX-B230
ANGERS,000000000010820974,"BEAN, GARDEN",RX-1145
SV1162GN,000000000011226763,"BEAN, GARDEN",SV-08081162
CARTHAGE,000000000011078832,"BEAN, GARDEN",SV08071160
MORALEDA,000000000011226767,"BEAN, GARDEN",SV08075309
STRINGLESS BLUE LAKE S 7,000000000010772511,"BEAN, GARDEN",STRINGLESS-BLUE-LAKE-S-7
ALHAMA,000000000010814552,"BEAN, GARDEN",RX-08015304
GINA,000000000010783376,"BEAN, GARDEN",EX-B35
BOURGONDIA,000000000010762633,"BEAN, GARDEN",EX-08031808
RIBERA,000000000010916029,"BEAN, GARDEN",EX-08061812
IMPACT,000000000010772517,"BEAN, GARDEN",EX-B254
UNIDOR,000000000010814498,"BEAN, GARDEN",RX-1407
SLENDERPACK,000000000010904135,"BEAN, GARDEN",EX-08780412
TIMGAD,000000000010915591,"BEAN, GARDEN",RX-08061277
SELMA,000000000010768001,"BEAN, GARDEN",RX-08021266
PERSEPOLIS,000000000011078830,"BEAN, GARDEN",RX-08061275
CADILLAC,000000000010760507,"BEAN, GARDEN",RX-1260
CARTAGENA,000000000010765750,"BEAN, GARDEN",RX-08031267
NITRO,000000000010757665,PEA,EX-F317
AMBIANCE,000000000010764955,PEA,EX-08230741
CRESCENDO,000000000010905135,PEA,EX-08220679
PA0826,000000000010910894,PEA,EX-08250826
ICE PACK,000000000010793364,PEA,EX-08500595
PIZARRO,000000000010832864,PEA,EX-08510612
SALINERO,000000000010824366,PEA,EX-08520702
SHERWOOD,000000000010825299,PEA,EX-08500564
SPRING,000000000010835196,PEA,EX-F27
EX 08540794,000000000010828448,PEA,EX08540794
SPANDIMO,000000000010806587,PEA,EX-08520657
ESTANCIA,000000000010757671,PEA,EX-384
QUANTUM,000000000010815619,PEA,EX-F210
SV0935QF,000000000011078874,PEA,DLFC7V0935
HACIENDA,000000000010802857,PEA,EX-08530726
SV0893QF,000000000011080905,PEA,EX-08260893
ASHTON,000000000010833047,PEA,EX-08500566
SV0957QF,000000000011078870,PEA,DLFC7V0957
STAMPEDE,000000000010904645,PEA,EX-F138
AZARRO,000000000010805491,PEA,EX-08220654
HYPERION,000000000010916043,PEA,EX-08250833
PROMETHEUS,000000000011078876,PEA,DLLC7V0906
MAURICE,000000000010916039,PEA,EX-08250838
LAZOR,000000000010811550,PEA,EX-F239
XP 08510617,000000000010813833,PEA,EX-08510617
RELIANCE,000000000010767937,PEA,EX-08540793
MINOTAUR,000000000010824644,PEA,EX-08240773
SOLUTION,000000000010837476,PEA,EX-8504178
LIL MO,000000000010835991,PEA,EX-368
LOTUS,000000000010759627,PEA,EX-F66
SV0956QH,000000000011078868,PEA,EX-08570956
ROMANCE,000000000010795370,PEA,EX-08510616
MR BIG,000000000010805931,PEA,EX-356
UTRILLO,000000000010820978,PEA,EX-F132
EX 08260882,000000000011078848,PEA,EX-08260882
ULTIMO,000000000010776585,PEA,EX-09690470
XP 08550820,000000000010761252,PEA,EX-08550820
SWEET ANN,000000000010900389,PEA,EX-08590485
EX08767143,000000000010891595,SWEET CORN,EX08767143
OBSESSION,000000000010760026,SWEET CORN,9364169
QHW6RH1229,000000000011037482,SWEET CORN,QHW6RH1229
DEVOTION,000000000010806839,SWEET CORN,8413133
PASSION,000000000010810669,SWEET CORN,9381169
SC1336,000000000011255020,SWEET CORN,QHY6RH1336
TEMPTATION,000000000010791426,SWEET CORN,8413437
CHALLENGER,000000000010761705,SWEET CORN,8412887
SHY 1036,000000000011080755,SWEET CORN,SHY6RH1036
XP 08705808,000000000010893004,SWEET CORN,08705808
SHEBA R,000000000010784142,SWEET CORN,8413247
BASIN R,000000000010820371,SWEET CORN,08715811
MERIT,000000000010823861,SWEET CORN,8410827
MERKUR,000000000010809663,SWEET CORN,8490549
SV6881SN,000000000011056473,SWEET CORN,TSY-6TH6881
SV5037SN,000000000011188910,SWEET CORN,TSY6TH5037
GOLDEN SWEETER 93,000000000010827082,SWEET CORN,EX034-1-1593
AG1051,000000000011209354,SWEET CORN,AG1051
RMB-DK81813,000000000011188228,"BEAN, GARDEN",
DLW 082-0679*N10,000000000010902333,PEA,
COMOROS,000000000010763343,SPINACH,RX-06623163
YEOLGWANG,000000000011477372,SPINACH,RX-06673529
RS 06653407,000000000010916358,SPINACH,RX-06653407
RS 06683549,000000000011206110,SPINACH,RX-06683549
RS 06623170,000000000010827353,SPINACH,RX-06623170
ZANZIBAR,000000000010904130,SPINACH,RX-06633256
RS 06653394,000000000010770069,SPINACH,RX-06653394
SV2157VB,000000000011477034,SPINACH,RX-06692157
SV2146VB,000000000011477164,SPINACH,RX-06682146
SV2141VB,000000000011477038,SPINACH,RX-06682141
NIGHTHAWK,000000000010762592,SPINACH,RX-06611160
SV3523VC,000000000011203788,SPINACH,RX-06673523
VANCOUVER,000000000010812319,SPINACH,EX-3494
ALLOUETTE,000000000010777222,SPINACH,RX-06611164
RX-06681619,000000000011477192,SPINACH,
USEPPA,000000000011203790,SPINACH,RX-06681652
SV3580VC,000000000011477370,SPINACH,RX-06683580
BALLET,000000000010766190,SPINACH,RS-900012
INTERCEPTOR,000000000010907707,SPINACH,RX-06691042
SV1714VC,000000000011477130,SPINACH,RX-06691714
SOLOMON,000000000010762186,SPINACH,RX-06641301
SEYCHELLES,000000000010897803,SPINACH,RX-06651393
CALADONIA,000000000011203794,SPINACH,RX-06681616
RAIDER,000000000010838062,LETTUCE,
MESSAPIA,000000000010821694,LETTUCE,MESSAPIA
FRILLICE BABY,000000000010850648,LETTUCE,
TOUAREG,000000000010776016,LETTUCE,RX-06432554
SURE SHOT,000000000010906850,LETTUCE,PX-06512772
STALLION,000000000010810794,LETTUCE,RX-07202250
RAIDER PLUS,000000000010819068,LETTUCE,PX-06510635
RAIDER,000000000010761038,LETTUCE,EX-5848
LUCY BROWN,000000000010790577,LETTUCE,EX-12013
SV4204LD,000000000011206764,LETTUCE,PX-06514204
RHINO,000000000010793691,LETTUCE,PX-06510524
MOHAWK,000000000010811570,LETTUCE,PX-6386
JAVELINA,000000000010812428,LETTUCE,PX-8365
CARTAGONOVA,000000000010783515,LETTUCE,PX-952561
LT4083,000000000011206756,LETTUCE,PX-06514083
COOLGUARD,000000000010906993,LETTUCE,XP-505
SAHARA,000000000010781049,LETTUCE,PX-06511294
SV3035LF,000000000011207880,LETTUCE,RX-16883035
FRILLICE,000000000010806290,LETTUCE,RX-892108
SOLARIS,000000000010835344,LETTUCE,PX-06510008
SV8403LN,000000000011206746,LETTUCE,PX-06518403
VALLEY HEART,000000000010768414,LETTUCE,PX-06511508
GALLEGO DE INVIERNO,000000000011194918,LETTUCE,
WIM 60-1013,000000000010846132,FENNEL,
MSA 66-1031 F,000000000010862523,SPINACH,
DARK GREEN BOSTON,000000000000000000,LETTUCE,
LORETTO,000000000010884426,LETTUCE,
CR1706,000000000011277521,CARROT,PX-07101706
PS 07101441,000000000010837535,CARROT,PX-07101441
CHANTENAY HIBRIDA,000000000010816480,CARROT,PX-2590
ABACO,000000000010780448,CARROT,PX-17193
SV3118DH,000000000010795383,CARROT,PX-07103118
CELLOBUNCH,000000000010772600,CARROT,EX-568
ENTERPRISE,000000000010795726,CARROT,PX-41893
SV2384DL,000000000011277527,CARROT,PX-07102384
ENVY,000000000010764135,CARROT,PX-07132127
ESPERANZA,000000000010799336,CARROT,PX-07105199
CARVORA,000000000011106319,CARROT,RX-04451205
SV5300DN,000000000011019841,CARROT,PX-07105300
EX 4098,000000000011019338,CARROT,EX-07904098
VOLTA,000000000010789081,LEEK,RX-07357794
SV4643NT,000000000011243500,ONION,EX-07714643
EX 07714593,000000000010928193,ONION,EX-07714593
SV4053NU,000000000011466201,ONION,EX-07714053
STERLING,000000000010900235,ONION,PX-92088
SV4058NU,000000000011243506,ONION,EX-07714058
PX 07713119,000000000011239261,ONION,PX-07713119
MISSISSIPPI,000000000010894847,ONION,PX-07713163
PX-07713264,000000000011467198,ONION,
XP 07716000,000000000010782150,ONION,EX-07716000
BARBARO,000000000010808416,ONION,EX-07716064
SV6646NW,000000000011243508,ONION,EX-07716646
SV6672NW,000000000011467450,ONION,EX-07716672
FORTRESS,000000000010901096,ONION,EX-3330
LASALLE,000000000010814788,ONION,EX-07718504
VARES,000000000010760714,ONION,PX-1001-93
BARITO,000000000010815630,ONION,RX-86080
DEVONPORT,000000000010771885,ONION,EX-796999
PEREZ,000000000010818024,ONION,EX-07905013
WAIKATO,000000000010761828,ONION,EX-6808
XP 07939002,000000000010800428,ONION,EX-07939002
SIERRA BLANCA,000000000010779285,ONION,PX-25294
CANDY,000000000010765178,ONION,PX-3688
CAMPO LINDO,000000000010761114,ONION,EX-07515018
LEONA,000000000010803973,ONION,EX-07595003
AKAMARU,000000000010780160,ONION,EX-07543012
GOLDENEYE,000000000010812843,ONION,EX-07542007
CENTURY,000000000010798866,ONION,EX-07592000
CEYLON,000000000010779614,ONION,EX-07557017
XP RED,000000000010789943,ONION,EX-07597000
STRATUS,000000000010837995,ONION,EX-6800
SV4043NM,000000000011297115,ONION,EX-07574043
CIRRUS,000000000010825828,ONION,EX-6798
LINDA VISTA,000000000010777568,ONION,PX-8589
BAJA VERDE,000000000010805933,ONION,PX-290311
GREEN BANNER,000000000010790031,ONION,PX-290011
MAY-RYAN-EPLK,000000000010762562,ONION,MAY-RYAN-EPLK
LA JOYA,000000000010836462,ONION,EX-6702
ROYAL SELECTION,000000000010772486,ONION,ROYAL-SELECTION
GULMOHAR,000000000010795557,ONION,RX-10710160
SRS 107-7000C,000000000010888925,ONION,
DALIA,000000000011168051,EGGPLANT,DRA-0688
NIGHT SHADOW,000000000010783518,EGGPLANT,PX-894
BLACK BELL,000000000010833333,EGGPLANT,BLACK-BELL
TIZONA,000000000011627258,EGGPLANT,DRA-2128
MADONNA,000000000011168049,EGGPLANT,DRA-1004
BIRGAH,000000000010801800,EGGPLANT,PX-200394
SHAMLI,000000000010815551,EGGPLANT,RX-10580195
HARIHAR,000000000010817214,EGGPLANT,RX-10500235
SV0577EG,000000000011169379,EGGPLANT,RX-10540577
MIRABELLE,000000000010892752,EGGPLANT,EX-966
CHANTALE,000000000010767158,EGGPLANT,PX-02429038
TOP BELL,000000000010907903,EGGPLANT,PX-114696
ARLENE,000000000010893908,EGGPLANT,PX-02429058
EPIC,000000000010757694,EGGPLANT,EPIC
HANSEL,000000000010822279,EGGPLANT,PX-02492208
FAIRY TALE,000000000010806604,EGGPLANT,PX-2409080
FORTESSE,000000000011100328,PEPPER,FORTESSE
VICUNA,000000000011100256,PEPPER,DRH-7403
CHILLINA,000000000010765440,PEPPER,BX-54195
SV0853HA,000000000011158428,PEPPER,08-S9-ALG-0853
HONGTIANHU 203,000000000010903020,PEPPER,HNX-12130825
TEJAL,000000000010820427,PEPPER,HNX-12132868
WONDER HOT,000000000010767983,PEPPER,WONDER-HOT
GUNTUR HOPE,000000000010764382,PEPPER,GUNTUR-HOPE
RED SPICE CMS,000000000010769948,PEPPER,HNX-12102708
SITARA CMS,000000000010792912,PEPPER,RX-03084859
09-S9-ALS-1426,000000000011288628,PEPPER,09-S9-ALS-1426
HOT CHILLI,000000000010784864,PEPPER,HOT-CHILLI
VICTORIOSO,000000000010838616,PEPPER,PX-11410054
VENCEDOR,000000000010768313,PEPPER,PX-11410055
SAHUARO,000000000010763482,PEPPER,PX-47595
WS-20044,000000000011203378,PEPPER,WS-20044
SIAM HOT,000000000010792662,PEPPER,SIAM-HOT
SKY LINE 3,000000000010816168,PEPPER,SKY-LINE-3
SKY LINE 2,000000000010896951,PEPPER,SKY-LINE-2
WILDCAT,000000000011208058,PEPPER,PX-11462752
SUPER CHILI,000000000010831072,PEPPER,SUPER-CHILI
MESILLA,000000000010826205,PEPPER,PX-210388
CHICHEN ITZA,000000000010789139,PEPPER,PX-11423487
INFERNO,000000000010834252,PEPPER,PX-216590
PS 11435810,000000000010916410,PEPPER,PX-11435810
PS 11411037,000000000010785267,PEPPER,PX-11411037
PS 11435807,000000000010916408,PEPPER,PX-11435807
HNX 12149245,000000000010800395,PEPPER,HNX12149245
PS 52095,000000000010837842,PEPPER,PX-52095
RIO DE ORO,000000000010776278,PEPPER,PX-11410687
TIME BOMB,000000000010817786,PEPPER,PX-11410025
SV5232HY,000000000010803328,PEPPER,PX-11435232
DSP 7054,000000000011638987,PEPPER,DRP-7054
VERBIER,000000000011642448,PEPPER,DRP-0712
RAMIRO,000000000010803341,PEPPER,RAMIRO
BONTEMPI,000000000011642459,PEPPER,DRP-3238
TALLANTE,000000000011185991,PEPPER,DRP-2130
DARSENA,000000000010774587,PEPPER,BX-02849070
LORCA,000000000011179208,PEPPER,DRP-3265
MONTE,000000000011165086,PEPPER,DRP-0181
CARIDDI,000000000011638837,PEPPER,DRP-5548
MINERVA,000000000011448525,PEPPER,DRV9463
COACH,000000000011165112,PEPPER,DRV-9448
ARIADNI,000000000011645164,PEPPER,SM-101
BS 02828008,000000000010838659,PEPPER,BX-02828008
BS 02827975,000000000010818283,PEPPER,BX-02827975
ABSA 98012Y,000000000010772387,PEPPER,ABSA-98012Y
BS 02827989,000000000010828347,PEPPER,BX-02827989
PS 09979325,000000000011066482,PEPPER,PX-09979325
BARON,000000000010772554,PEPPER,BARON
RED KNIGHT X3R,000000000010759628,PEPPER,PX-213896
ARISTOTLE X3R,000000000010784102,PEPPER,PX-7273823
SV3964PB,000000000011480389,PEPPER,PX-9983964
PLATO,000000000010763797,PEPPER,PX-9914906
PS 09941819,000000000010767879,PEPPER,PX-09941819
SIR GALAHAD X3R,000000000010757707,PEPPER,PX-223796
EARLY SUNSATION,000000000010809074,PEPPER,PX-4493
HUGO,000000000011172485,PEPPER,DRP-3801
SV3255PB,000000000011239513,PEPPER,PX-09983255
PS 16351609,000000000011067206,PEPPER,PX-16351609
PS 9927141,000000000010804371,PEPPER,PX-9927141
REVELATION X3R,000000000010764565,PEPPER,PX-9915532
HUNTINGTON,000000000011067240,PEPPER,PX-16364674
SV6947PB,000000000011230002,PEPPER,PX-09966947
KING ARTHUR,000000000010906508,PEPPER,PX-10088
PS 9928302,000000000010893634,PEPPER,PX-9928302
LIDO,000000000010831391,PEPPER,PX-28387
PS 35893,000000000010791481,PEPPER,PX-35893
SV5253PH,000000000011207362,PEPPER,PX-16375253
SV4215PH,000000000011067208,PEPPER,PX-16364215
PALOMA,000000000010794843,PEPPER,PX-9916990
SALVADOR,000000000010789799,PEPPER,PX-456296
SUPREMO,000000000010787813,PEPPER,PX-8278443
GIANT MARCONI,000000000010782102,PEPPER,PX-800893
QUETZAL,000000000010828355,PEPPER,PX-456796
ATLANTIC,000000000010840146,PEPPER,PX-123182
KEY WEST X3R,000000000010806294,PEPPER,PX-462296
PS 16364212,000000000011067212,PEPPER,PX-16364212
ITALRESS,000000000010903998,PEPPER,PX-02805501
SV3782PP,000000000011209063,PEPPER,PX-11423782
GYPSY,000000000010784450,PEPPER,PX-4076
KAPTUR,000000000011147890,PEPPER,SK-5
BOUNTY,000000000010770652,PEPPER,PX-9091
ORANGE BLAZE,000000000011208413,PEPPER,PX-09939610
MATIZ,000000000010771213,PEPPER,PX-840694
ABSAORANGE,000000000010792639,PEPPER,ABSAORANGE
OPTIFORT,000000000011186007,TOMATO,DRO-0131
MAXIFORT,000000000011165242,TOMATO,14-XI-TRS-0001
DR0141TX,000000000011627413,TOMATO,DRO-141
GUMGANG,000000000011309206,TOMATO,HNX-12890701
SHINCHEONGGANG,000000000011081823,TOMATO,HNX-12870564
VIGOMAX,000000000011627368,TOMATO,VIGOMAX
BEAUFORT,000000000011165114,TOMATO,BEAUFORT
MULTIFORT,000000000011165238,TOMATO,MULTIFORT
DRC 564,000000000011627576,TOMATO,DRC-564
PHILOVITA,000000000011201822,TOMATO,DRC-0502
TOMIMARU MUCHOO,000000000011166781,TOMATO,DRK-0568
FLAVANCE,000000000011172023,TOMATO,DRW-7565
TORERO,000000000011644687,TOMATO,DRW-7649
SPORTIVO,000000000011627429,TOMATO,DRW-3420
SPEEDELLA,000000000011234906,TOMATO,840701524E8
URIBURI,000000000011637936,TOMATO,URIBURI
PORTENTO,000000000011641431,TOMATO,DRK-2195
ORGANZA,000000000011643134,TOMATO,DRK-0916
SANTORANGE,000000000011172077,TOMATO,DRK-0927
BEORANGE,000000000011627664,TOMATO,DRK-0911
SANTAWEST,000000000011627721,TOMATO,820600792
DASHER,000000000011172057,TOMATO,DASHER
ARLECCHINO,000000000011638914,TOMATO,DRC-1187
HNX 12846090,000000000010917343,TOMATO,HNS-12846090
LUPITAS,000000000011167062,TOMATO,LUPITAS
CIKITO,000000000011627675,TOMATO,DRC-0524
PARK 112589,000000000010817841,TOMATO,PARK112589
KIVELI,000000000010800880,TOMATO,PS1821487
SV7845TH,000000000011627479,TOMATO,DRW-7845
ROQUE,000000000011627340,TOMATO,SVR-01075074
DRW 7806,000000000011627344,TOMATO,DRW-7806
PHANTASIA,000000000011644700,TOMATO,DRW-7414
JACK,000000000010826211,TOMATO,JACK
OPTIMA,000000000010757712,TOMATO,OPTIMA
CARAMBA,000000000011638860,TOMATO,CARAMBA
CORVINUS,000000000011644705,TOMATO,DRD-154
DRW 7810,000000000011206028,TOMATO,DRW-7810
RETINTO,000000000011627570,TOMATO,RETINTO
PIO,000000000010771217,TOMATO,PS201588
AMATI,000000000010823910,TOMATO,RS907090
DURINTA,000000000011239307,TOMATO,DURINTA
ANAIRIS,000000000011165118,TOMATO,DRW-7556
SV7846TH,000000000011639057,TOMATO,DRW-7846
VENTERO,000000000011642461,TOMATO,VENTERO
LORETO,000000000010782507,TOMATO,LORETO
TORPEDINO,000000000011627505,TOMATO,DRC-1176
DRW 7723,000000000011627638,TOMATO,DRW-7723
CAPRESE,000000000011165226,TOMATO,DRC-1173
AUREA,000000000011638776,TOMATO,DRK-7015
BIG BEEF,000000000010817084,TOMATO,BIGBEEF
BEEFMASTER,000000000010771214,TOMATO,BEEFMASTER
BODAR,000000000010832511,TOMATO,RS4045
COMPACK,000000000011206026,TOMATO,COMPACK
BURPEES BIG BOY HYBRID,000000000010783006,TOMATO,BURPEESBIGBOYHYBRID
ROBIN VFSC BD,000000000010762582,TOMATO,ROBINVFSCBD
PS 112256,000000000010757715,TOMATO,PS112256
GANIMET,000000000011644695,TOMATO,DRW-7785
BALL 28986,000000000010808903,TOMATO,BALL28986
HUSKY CHERRY RED,000000000010809395,TOMATO,PX-114388
ABHILASH,000000000011055167,TOMATO,RX-15640414
RS 6515,000000000010807461,TOMATO,RS6515
BALL 509690,000000000010900247,TOMATO,BALL509690
DEBUT,000000000010761120,TOMATO,DEBUT
SV8320TD,000000000011243928,TOMATO,08AB8320
SAKSHAM,000000000011048025,TOMATO,RX-15660814
FDR8565,000000000011217664,TOMATO,DRD-8565
PS 01522935,000000000010823261,TOMATO,PS01522935
QUINCY,000000000010817878,TOMATO,XP01408383
FLORIDA 47 R,000000000010771587,TOMATO,FLORIDA47R
HEATMASTER,000000000010890840,TOMATO,HEATMASTER
SHOUROUQF1,000000000010768522,TOMATO,SHOUROUQF1
FIRENZE,000000000010790036,TOMATO,PS8094
BULLSEYE F1,000000000011230281,TOMATO,DRD-8570
DRD 8564,000000000011197723,TOMATO,DRD-8564
PRASUN,000000000011055510,TOMATO,RX-15660635
DRD 8551,000000000011100630,TOMATO,DRD-8551
YAQUI,000000000010783539,TOMATO,YAQUI
DOMINATOR,000000000010795521,TOMATO,DOMINATOR
SV8579TE,000000000011286645,TOMATO,DRD-8579
MIGHTY,000000000010783626,TOMATO,PS707196
FONTO,000000000010822559,TOMATO,RS1655578
ROHIT 2,000000000010779464,TOMATO,ROHIT2
VL-642 F1,000000000010778495,TOMATO,PX-10330642
PICUS,000000000010797360,TOMATO,PICUS
PATIO,000000000010775516,TOMATO,PATIO
HYPEEL 696,000000000010757711,TOMATO,HYPEEL696
SV8840TM,000000000011277253,TOMATO,08AB8840
AP 529,000000000010806233,TOMATO,APT529
HYPEEL 108,000000000010783560,TOMATO,HYPEEL108
DOCET,000000000010822099,TOMATO,PS02313513
HAS 105-0303,000000000010844716,PEPPER,
HBA 35-320S * HP 320,000000000010854099,PEPPER,
SBR 28-1278,000000000010894446,PEPPER,
SBR 148-5007,000000000010906078,PEPPER,
CHI 15-2060,000000000010842805,TOMATO,
FDR 11-569 * HP 569,000000000010870325,TOMATO,
FDR 15-360 * HP 360,000000000010842620,TOMATO,
FDR 15-2078,000000000010856817,TOMATO,
FDR 15-578 * HP 578,000000000010887077,TOMATO,
FDR 15-473 * HP 473,000000000010842589,TOMATO,
FDR 16-145 * HP 881,000000000010862562,TOMATO,
FDR 14-2070,000000000010889518,TOMATO,
FDR 15-492 * HP 492,000000000010867292,TOMATO,
FDR 15-550 * HP 550,000000000010838533,TOMATO,
FIR 16-1090,000000000010907195,TOMATO,
FIR 15-2055,000000000010843141,TOMATO,
FIR 150-3002,000000000010895301,TOMATO,
FIR 18-2039,000000000010856149,TOMATO,
FIR 193-90799,000000000011201855,TOMATO,
FIR 15-531 * HP 531,000000000010845123,TOMATO,
PSQ 24-555 * HP 555,000000000010875925,TOMATO,
PSQ 24-2082,000000000010895216,TOMATO,
PSQ 24-481 * HP 481,000000000010901681,TOMATO,
PSQ 24-466 * HP 466,000000000010894851,TOMATO,
PSQ 24-931 * HP 931,000000000010841732,TOMATO,
PSQ 24-302 * HP 302,000000000010870272,TOMATO,
FIS 14-2034,000000000010870373,TOMATO,
FIS 14-2101,000000000010841312,TOMATO,
FIS 15-504 * HP 504,000000000010843851,TOMATO,
SVBL0336,000000000030192089,BROCCOLI,21-8Z-BRO-0336
STRATOSPHERE,000000000030191916,BROCCOLI,21-8Z-BRO-0325
SVBL0337,000000000030192085,BROCCOLI,21-8Z-BRO-0337
SVBL2224,000000000030260031,BROCCOLI,18-GC-BRO-2224
SVBL0343,000000000030224764,BROCCOLI,22-8Z-BRO-0343
SVBL0328,000000000030202952,BROCCOLI,20-8Z-BRO-0328
SVBL0345,000000000030265273,BROCCOLI,22-8Z-BRO-0345
SVAC6064,000000000030308639,CAULIFLOWER,23-7L-CLF-6064
SVMA6731,000000000030254351,MELON,22-DN-AMA-6731
SVMF1386,000000000030218629,MELON,20-DV-CAN-1386
SVMF1872,000000000030262215,MELON,20-DV-CAN-1872
SVMF9803,000000000030185213,MELON,19-DV-CAN-9803
SVMC4787,000000000030340692,MELON,23-UM-CHA-4787
ACAPELLA,000000000030249883,MELON,22-UM-CHA-0019
SUGARSUN,000000000030172730,MELON,21-UM-CHA-1524
GALVES,000000000030252458,MELON,22-HK-GAL-1586
TUDOR,000000000030252018,MELON,22-AZ-ITA-1545
SVML9120,000000000030147584,MELON,19-DV-ITA-9120
REAME,000000000030252014,MELON,22-AZ-ITA-1562
SVWT8883,000000000030181606,WATERMELON,19-EJ-STR-8883
SVWT3052,000000000030317668,WATERMELON,22-Y7-STR-3052
SVWT2228,000000000030250871,WATERMELON,21-Y7-STR-2228
SVWD1345,000000000030139432,WATERMELON,20-EJ-DRS-1345
SVWA1331,000000000030343436,WATERMELON,20-EJ-SES-1331
LUNALINDA,000000000030180803,WATERMELON,19-EJ-SRS-9616
SVKT5350,000000000030293618,GOURD,22-MJ5-BTR-4961
SVKT6995,000000000030269849,GOURD,21-MJ5-BTR-2616
SVKT0028,000000000030159023,GOURD,20-MJ5-BTR-0028
SVKT1675,000000000030269843,GOURD,21-MJ5-BTR-0436
FIGHTER 61,000000000030214587,GOURD,20-MJ5-BTR-0084
MACELLAN,000000000030206184,CUCUMBER,19-DU-PSP-2057
SVCV3269,000000000030338894,CUCUMBER,20-DU-PSP-3269
SVCV3848,000000000030339058,CUCUMBER,22-DU-PSP-3848
DRCB6073,000000000030316240,CUCUMBER,23-EG-BAP-6073
DRCB6071,000000000030316154,CUCUMBER,23-EG-BAP-6071
PAXTOR,000000000030163905,CUCUMBER,21-Y3-EUR-9636
DRCE1384,000000000030369976,CUCUMBER,23-Y3-EUR-1384
DRCE1353,000000000030199845,CUCUMBER,21-Y3-EUR-1353
DRCE1385,000000000030369984,CUCUMBER,23-Y3-EUR-1385
GOMAX,000000000030202664,CUCUMBER,21-Y3-EUR-1355
DRCE9679,000000000030318686,CUCUMBER,23-Y3-EUR-9679
AURELIUS,000000000030181503,CUCUMBER,19-Y2-EUR-9768
PONTIUS,000000000030281903,CUCUMBER,21-Y2-EUR-1524
SVCP8085,000000000030306451,CUCUMBER,20-EF-PSL-8085
SVCP8081,000000000030281756,CUCUMBER,20-EF-PSL-8081
SVCP5598,000000000030213791,CUCUMBER,19-EF-PSL-5598
SVCN5334,000000000030195584,CUCUMBER,19-M3-POP-5334
SVGG1317,000000000030224583,"BEAN, GARDEN",21-DK-FMG-1317
SVGA1574,000000000030224605,"BEAN, GARDEN",21-DK-FMS-1574
SUNDOR,000000000030195945,"BEAN, GARDEN",19-DK-THR-1422
HONOLULU,000000000030224617,"BEAN, GARDEN",21-DK-TWS-1212
SV993980,000000000030263695,OKRA,21-DW-OKH-3980
SV990018,000000000030203016,OKRA,20-DW-OKH-0018
SV999226,000000000030264728,OKRA,21-DW-OKH-9226
SV993101,000000000030263791,OKRA,21-DW-OKH-3101
SVQB2566,000000000030251365,PEA,20-C7-DGI-2566
SVQH2015,000000000030251369,PEA,20-C7-DLS-2015
SVSD6622,000000000030186886,SWEET CORN,21-6S-QHY-6622
SVSK7434,000000000030254166,SWEET CORN,22-6S-SHY-7434
SVSK5217,000000000030194315,SWEET CORN,21-6S-SHY-5217
SVSK0279,000000000030194311,SWEET CORN,21-6S-SHY-0279
SVSU5823,000000000030369962,SWEET CORN,23-6S-SUY-5823
SVSU5824,000000000030194714,SWEET CORN,21-6S-SUY-5824
SVSN0495,000000000030180785,SWEET CORN,20-AV-TSY-0495
SVSN7155,000000000030312248,SWEET CORN,23-AV-TSY-7155
SVSN0580,000000000030246270,SWEET CORN,21-AV-TSY-0580
SVSN0579,000000000030246274,SWEET CORN,21-AV-TSY-0579
SV2019001,000000000030206129,SWEET CORN,22-KZ-TSY-7183
SVFF8066,000000000030150697,FENNEL,20-KR-FAW-8066
ARISTOTELE,000000000030150688,FENNEL,19-KR-SUM-4994
SVFM4835,000000000030150605,FENNEL,19-KR-SUM-4835
SVVA2150,000000000030192270,SPINACH,19-S0-ORN-3950
TALIABU,000000000030206174,SPINACH,21-S0-SAV-2725
PUKAPUKA,000000000030206176,SPINACH,21-S0-SAV-2740
SVVB2775,000000000030253069,SPINACH,22-S0-SAV-2775
SVVB2646,000000000030194708,SPINACH,18-S0-SAV-2646
SUMBAWA,000000000030206178,SPINACH,21-S0-SAV-2741
SVVB2652,000000000030194564,SPINACH,18-S0-SAV-2652
BARBUDA,000000000030252917,SPINACH,22-S0-SAV-2772
SV1714VC UNFOLD,000000000030262352,SPINACH,
DISKO,000000000030141317,SPINACH,19-S0-SMT-6091
NUNKA,000000000030213954,LETTUCE,21-E5-BAV-9284
SHUBAKA,000000000030213969,LETTUCE,21-E5-BAV-2179
PANORAMIS UNFOLD,000000000030270122,LETTUCE,
MONEYBALL,000000000030148141,LETTUCE,20-8W-CHD-0023
SVLD1140,000000000030305122,LETTUCE,21-8W-CHD-1140
SLOTSMASHER,000000000030217315,LETTUCE,20-8W-CHD-9096
SVLD1109,000000000030305119,LETTUCE,21-8W-CHD-1109
SVDC1078,000000000030148115,CARROT,19-7M-CAP-1078
SVDH7824,000000000030220583,CARROT,20-7M-CHL-7824
ORANGE SLICE,000000000030152867,CARROT,21-7M-CTL-2936
ORANGE FANCY,000000000030148105,CARROT,21-7M-CTL-5934
SVDL2971,000000000030219279,CARROT,22-7M-CTL-2971
SVDN9006,000000000030203592,CARROT,21-R9-NAN-9006
SVDN6002,000000000030297547,CARROT,22-7M-NAN-6002
SVDT1283,000000000030149065,CARROT,18-KC-NAT-1283
SVNW2468,000000000030260200,ONION,22-SL-SPN-2468
SVNJ3080,000000000030178600,ONION,20-RV-OSB-3080
SVNB6749,000000000030289896,ONION,17-UH-BUN-4802
SVHA4444,000000000030280765,PEPPER,21-LP-ALG-2222
SVHA0916,000000000030138655,PEPPER,21-E6-ALG-0916
SVHA8305,000000000030344955,PEPPER,23-GB-ALG-8305
SVHA0024,000000000030206504,PEPPER,21-GB-ALG-0024
SVHA0126,000000000030166917,PEPPER,21-GB-ALG-0126
SVHA3457,000000000030289196,PEPPER,22-LP-ALG-3457
SVHA0261,000000000030273365,PEPPER,22-GB-ALG-0261
SVHA0087,000000000030273353,PEPPER,22-GB-ALG-0087
SVHM5082,000000000030284109,PEPPER,23-E6-ASH-5082
SVHM5224,000000000030209842,PEPPER,21-E6-ASH-5224
SVHM5225,000000000030284076,PEPPER,23-E6-ASH-5225
MANEY,000000000030214893,PEPPER,22-XZ-BLK-2672
DRPB1814,000000000030173815,PEPPER,21-XZ-BLK-1746
DRPB1756,000000000030241247,PEPPER,22-XZ-BLK-1756
DRPB1752,000000000030214663,PEPPER,22-XZ-BLK-1752
DRPB3992,000000000030165518,PEPPER,21-XZ-BLK-0770
CHERO,000000000030165534,PEPPER,21-XZ-BLK-0001
DRPB3665,000000000030238829,PEPPER,22-XZ-BLK-2689
DRPB2668,000000000030165538,PEPPER,21-XZ-BLK-2668
DRPB2669,000000000030183515,PEPPER,21-XZ-BLK-2669
DRPB2673,000000000030214671,PEPPER,22-XZ-BLK-2673
DRPB0772,000000000030214551,PEPPER,22-XZ-BLK-0772
DRPB1757,000000000030238481,PEPPER,22-XZ-BLK-1757
LOADER,000000000030326559,PEPPER,23-XZ-BLK-1795
SVPB7373,000000000030147134,PEPPER,19-8T-BLK-7373
BRASERO,000000000030203170,PEPPER,22-XG-BLK-1574
SVPB9995,000000000030153385,PEPPER,19-E7-BLK-7345
BULTACO,000000000030191674,PEPPER,21-XG-HLG-5804
SVPH5797,000000000030284294,PEPPER,21-XG-HLG-5797
SVPH5799,000000000030284297,PEPPER,21-XG-HLG-5799
SVPS6548,000000000030218031,PEPPER,19-E7-SPE-4504
SVPB8862,000000000030253237,PEPPER,19-E7-BLK-8862
SVPB0470,000000000030253538,PEPPER,19-8T-BLK-0470
CHINOOK,000000000030186376,PEPPER,18-E7-BLK-2473
SVPS1263,000000000030164674,PEPPER,18-E7-SPE-1263
MPR3405,000000000030217177,PEPPER,18-E7-SPE-3405
SVTX0049,000000000030157476,TOMATO,21-XI-TRS-0049
DRTX6695,000000000030214541,TOMATO,22-XI-TRS-0067
BEAUTISHER,000000000030297435,TOMATO,22-HE-CCT-8093
LEONISHER,000000000030166801,TOMATO,21-HE-CCT-8027
DRTC8103,000000000030413925,TOMATO,24-HE-CCT-8103
STRABELINA,000000000030385059,TOMATO,24-HE-CCT-9053
PINKSICLE,000000000030338012,TOMATO,23-HE-CCT-8098
PELLEGRINO,000000000030241148,TOMATO,22-HE-CCT-1508
DRTC8089,000000000030214907,TOMATO,22-HE-CCT-8089
DRTC8100,000000000030326569,TOMATO,23-HE-CCT-8100
STRABELLA,000000000030385107,TOMATO,24-HE-CCT-9051
FUTUMARU,000000000030328371,TOMATO,23-XM-FIP-4857
FENOMANCE,000000000030215645,TOMATO,21-XM-FIR-0046
BEMARO,000000000030242003,TOMATO,22-XM-FSP-4507
SVTC0433,000000000030154920,TOMATO,21-9S-CCT-0433
SVTC0014,000000000030291253,TOMATO,23-HE-CCT-0014
SVTC0442,000000000030380195,TOMATO,24-XF-CCT-0442
SVTC0441,000000000030380240,TOMATO,24-XF-CCT-0441
SVTG6234,000000000030215160,TOMATO,18-XJ-FIP-6234
BATSHUAI,000000000030215142,TOMATO,22-XM-FIP-4847
SVTG6235,000000000030209850,TOMATO,19-XJ-FIP-6235
CALACOPE,000000000030199890,TOMATO,22-9W-FIR-3017
SVTH4120,000000000030380594,TOMATO,24-XF-FIR-4120
SVTH4854,000000000030280149,TOMATO,21-XJ-FIR-4854
SVTH5912,000000000030213637,TOMATO,22-A8-FIR-5912
SVTJ7215,000000000030213633,TOMATO,20-YA-FIS-7215
SVTJ7542,000000000030213625,TOMATO,20-YA-FIS-7542
SVTJ7932,000000000030380590,TOMATO,24-YA-FIS-7932
ZEROZEROSETTE,000000000030165284,TOMATO,19-YA-FIS-7007
SVTJ7217,000000000030290813,TOMATO,21-YA-FIS-7217
MARMARTINEZ,000000000030150081,TOMATO,21-XF-FSP-6702
SVTD8447,000000000030223769,TOMATO,20-9P-FDR-8447
ABHAY,000000000030143210,TOMATO,19-9P-FDR-8408
SVTD8488,000000000030390346,TOMATO,23-9P-FDR-8488
SVTD8090,000000000030274313,TOMATO,19-XJ-FDR-8090
ADHIK,000000000030310430,TOMATO,23-9P-FDR-8478
ADHIRAAJ,000000000030218481,TOMATO,20-9P-FDR-8456
SVTE8743,000000000030290552,TOMATO,22-HN-FDS-8743
SVTE8660,000000000030143214,TOMATO,19-HN-FDS-8660
SVTE8707,000000000030173521,TOMATO,18-XJ-FDS-8707
TAWALA,000000000030172714,TOMATO,21-9W-FDS-8805
SVTE8736,000000000030291007,TOMATO,22-HN-FDS-8736
SVTE8744,000000000030297035,TOMATO,22-HN-FDS-8744
PAPAWADI,000000000030211268,TOMATO,20-HN-FDS-8715
SVTE8730,000000000030251654,TOMATO,21-HN-FDS-8730
SVTE8674,000000000030197313,TOMATO,19-HN-FDS-8674
KADABRA,000000000030173616,TOMATO,21-9W-FDS-8806
SVTE8716,000000000030211254,TOMATO,20-HN-FDS-8716
SVTE8839,000000000030142988,TOMATO,18-XJ-FDS-8839
SVTE8688,000000000030211104,TOMATO,20-HN-FDS-8688
SVTM9039,000000000030183571,TOMATO,20-9Z-PMU-0725
SVTM9040,000000000030183568,TOMATO,18-9Z-PMU-2249
SVTM9041,000000000030183565,TOMATO,18-9Z-PMU-1658
SVBL0308,000000000013046938,BROCCOLI,19-8Z-BRO-0308
SHARD,000000000012581731,BROCCOLI,14-8Z-BRO-0224
CRUCIBLE,000000000012955977,BROCCOLI,17-8Z-BRO-0300
TAIPEI,000000000013046934,BROCCOLI,19-8Z-BRO-0306
PENNYBRIDGE,000000000012588370,BROCCOLI,16-8Z-BRO-0068
SVBL0509,000000000012767104,BROCCOLI,16-8Z-BRO-0509
WARTHOG,000000000012119760,BROCCOLI,SVR-0511-1914
POPOCATEPETL,000000000012894675,BROCCOLI,18-8Z-BRO-0310
EIFFEL,000000000012193005,BROCCOLI,13-8Z-BRO-0129
SKYTREE,000000000012121400,BROCCOLI,12-8Z-BRO-0503
SV1002BL,000000000011501779,BROCCOLI,RX05991002
TITANIUM,000000000012193003,BROCCOLI,13-8Z-BRO-0140
SPECTRE,000000000012428777,BROCCOLI,13-GC-BRO-2030
SVBL2159,000000000030087814,BROCCOLI,16-GC-BRO-2159
SPINNAKER,000000000012899536,BROCCOLI,17-8Z-BRO-0301
ANDERSIA,000000000012656206,BROCCOLI,16-8Z-BRO-0273
ABRAMS,000000000012593700,BROCCOLI,14-GC-BRO-2085
SV3404JL,000000000011601130,CABBAGE,RX05863404
GALVATRON,000000000011601136,CABBAGE,RX05853432
SVJB2993,000000000012473860,CABBAGE,15-IC-FUS-1111
SVJH3506,000000000030065837,CABBAGE,20-IC-PRO-3506
SVJT3504,000000000030066099,CABBAGE,20-IC-TRP-3504
SVAC7211,000000000012767008,CAULIFLOWER,15-7L-CLF-7211
OVINDOLI,000000000011888129,CAULIFLOWER,12-7L-CLF-5831
SASSOLUNGO,000000000012420620,CAULIFLOWER,14-5U-CLF-2710
SVAC7209,000000000013058561,CAULIFLOWER,19-7L-CLF-7209
IVEX,000000000012955981,CAULIFLOWER,14-7L-CLF-7104
SUERTEX,000000000030053211,CAULIFLOWER,19-7L-CLF-7306
FRANCESCA,000000000012955953,CAULIFLOWER,15-7L-CLF-6041
SVAC6021,000000000012635039,CAULIFLOWER,14-7L-CLF-6021
CARDEX,000000000030105817,CAULIFLOWER,19-7L-CLF-7308
MARMOREX,000000000012567018,CAULIFLOWER,15-7L-CLF-7209
VELINO,000000000011914029,CAULIFLOWER,11-5U-CLF-2334
GIEFLOR,000000000012192100,CAULIFLOWER,13-7L-CLF-6003
WHITEX,000000000012582670,CAULIFLOWER,14-7L-CLF-7090
SVAC7199,000000000030105803,CAULIFLOWER,19-7L-CLF-7199
SV4051AC,000000000011689950,CAULIFLOWER,10-G5-TPL-4051
LAVAREDO,000000000012677178,CAULIFLOWER,16-7L-CLF-6031
SUBASIO,000000000012756518,CAULIFLOWER,17-5U-CLF-3332
LUCEX,000000000012407065,CAULIFLOWER,13-7L-CLF-7205
PREDAZZO,000000000012677172,CAULIFLOWER,13-7L-CLF-6007
SVAC7215,000000000030052926,CAULIFLOWER,17-7L-CLF-7215
CRYSTEX,000000000012420334,CAULIFLOWER,14-7L-CLF-7099
CIELOMINO,000000000012407181,CAULIFLOWER,14-7L-CLF-6013
ROCHESTER,000000000012922292,MELON,16-DN-AMA-6732
CHESTER,000000000012174969,MELON,12-DN-AMA-5634
ADAGIO,000000000012949710,MELON,18-UM-CHA-8795
SV7881ML,000000000011976140,MELON,12-AZ-ITA-0145
MABROUKA,000000000012951338,MELON,16-DN-AMA-6670
SV7484MA,000000000011978584,MELON,11-DN-AMA-5391
SVMA6558,000000000012924927,MELON,16-DN-AMA-6558
MANCHESTER,000000000013104769,MELON,17-DN-AMA-6874
MINIRILLO,000000000012813903,MELON,16-DN-AMA-6561
SV6276MA,000000000011884208,MELON,AMA-DNH0-5245
WIFAK,000000000012175001,MELON,11-DN-AMA-5401
HABIB,000000000012788338,MELON,15-DN-ANA-7961
AQUILLA,000000000012951362,MELON,17-DN-ANA-8326
MABDOUA,000000000013105490,MELON,17-DN-ANA-8399
YACINE,000000000012788354,MELON,16-DN-ANA-8047
SADOK,000000000012335998,MELON,12-DN-ANA-7443
HIRA,000000000012174656,MELON,11-DN-ANA-7194
ULTRAJELLY,000000000012929715,MELON,18-DV-CAN-7051
DON DAVID,000000000012289797,MELON,12-DV-HAR-3394
SVMF8179,000000000012986647,MELON,18-DV-CAN-8179
SVMF5675,000000000012539290,MELON,15-DV-HAR-5675
SVMF7843,000000000012986671,MELON,18-DV-CAN-7843
FLAVOR TIME,000000000012916020,MELON,18-DV-CAN-7059
SV1044MF,000000000011624769,MELON,17391044
SVMF7774,000000000039866249,MELON,19-DV-CAN-7774
SUGARMOON,000000000012810797,MELON,17-UM-CHA-7629
BELCANTO,000000000012949716,MELON,18-UM-CHA-8424
SUGARKECH,000000000012604753,MELON,16-UM-CHA-5335
FUNTASTIC,000000000012337304,MELON,14-UM-CHA-4014
SV9790MC,000000000011728427,MELON,11-UM-CHA-9790
SVMG4974,000000000012399424,MELON,13-HK-GAL-4974
ALBIZU,000000000012811645,MELON,17-HK-GAL-7420
SV3641MG,000000000011658495,MELON,DG-3641
VERDASCO,000000000012169414,MELON,13-HK-GAL-4857
ARINTO,000000000012647410,MELON,16-HK-GAL-6789
GALLAGER,000000000012647412,MELON,16-HK-GAL-6792
GALVIR,000000000012811667,MELON,17-HK-GAL-7464
SVMG5224,000000000012399426,MELON,13-HK-GAL-4832
CURELLA,000000000012647419,MELON,16-HK-GAL-6817
SV1232MG,000000000012169367,MELON,12-HK-GAL-4509
FLAVOR JOURNEY,000000000012539292,MELON,16-DV-HDG-4407
DESIDERIO,000000000030108565,MELON,20-AZ-ITA-7798
IMPERO,000000000012812275,MELON,17-AZ-ITA-5416
ARANGINA,000000000012812178,MELON,17-AZ-ITA-5454
RONCERO,000000000012647392,MELON,15-DN-SPA-8486
PORTUS,000000000012604757,MELON,14-DN-SPA-8001
GAJARDO,000000000012949769,SQUASH,18-R5-ZGC-5325
ANASTASIA,000000000012567675,SQUASH,16-EH-CAS-0765
REBORN,000000000012498213,SQUASH,15-EH-LEB-0563
SV2987YL,000000000011989142,SQUASH,12-EH-LEB-0434
YACARE,000000000012489995,SQUASH,14-EH-ZAQ-0657
TIGERGREY,000000000012830550,SQUASH,17-R5-ZGC-5302
BRYXBERRY,000000000012800677,WATERMELON,16-EJ-SOE-5363
SANTA MATILDE,000000000011848046,WATERMELON,SOE-EJH-0167
JAWAD,000000000012779161,WATERMELON,15-EJ-SOE-4218
REYA,000000000011848048,WATERMELON,SOE-EJH-0168
AFRODITA,000000000012120774,WATERMELON,12-EJ-SOE-1860
YASH,000000000012181214,WATERMELON,11-FE-SOE-0422
GREEN JAR,000000000012767100,WATERMELON,15-EJ-SOE-4232
ELOISSA,000000000013039392,WATERMELON,18-EJ-SOE-7157
EXHEDRA,000000000012420525,WATERMELON,14-EJ-SOE-3356
SVWT4710,000000000012809856,WATERMELON,15-EJ-STR-4710
SV3807WT,000000000012174746,WATERMELON,SVR8039-1006
RED HEAVEN,000000000012181584,WATERMELON,12-EJ-STR-1765
WATCHMAN,000000000030075206,WATERMELON,16-EJ-ZWM-5387
SWEET TRICK,000000000012006033,WATERMELON,SVR8038-8410
JOY RIDE,000000000011937826,WATERMELON,SVR8030-4065
SWEET PONTOON,000000000013051538,WATERMELON,17-EJ-SES-6179
SHORELINE,000000000012632450,WATERMELON,15-EJ-SES-4741
DURLINDA,000000000012162264,WATERMELON,11-Y7-SES-1501
BOTTLE ROCKET,000000000012162266,WATERMELON,SVR8039-0204
PADDLEBOAT,000000000012954106,WATERMELON,16-EJ-SES-5203
TAILGATE,000000000012173170,WATERMELON,SVR8030-4084
JET SKI,000000000013105633,WATERMELON,17-EJ-SES-6576
SUMMER BREEZE,000000000011938533,WATERMELON,SVR8030-4109
SANDBAR,000000000030110315,WATERMELON,18-EJ-SES-7826
SVWY2774,000000000012976854,WATERMELON,WML-EJ17-2774
WINGMAN,000000000012181290,WATERMELON,WMLEJ13-2629
SVCV9608,000000000012690422,CUCUMBER,16-DU-PSP-0093
KORVIN,000000000012691041,CUCUMBER,16-DU-PSP-0083
SV3506CV,000000000011985248,CUCUMBER,PSP-03303877
MADEIRA,000000000012654803,CUCUMBER,14-DU-PSP-0196
SV4097CV,000000000011511739,CUCUMBER,PSP-03304097
MADRILENE,000000000012338341,CUCUMBER,12-DU-PSP-0178
SVCV8818,000000000012656482,CUCUMBER,13-M3-PSP-8818
BRANDINO,000000000012654904,CUCUMBER,14-DU-PSP-0248
QUINTUS,000000000012123015,CUCUMBER,13-TA-BAP-8989
SPLASH,000000000030064298,CUCUMBER,19-Y3-BAP-6028
DR8986CB,000000000011775779,CUCUMBER,11-TA-BAP-8986
DELICTO,000000000013089380,CUCUMBER,19-Y3-BAP-6027
DR7109CB,000000000012123013,CUCUMBER,13-TA-BAP-1001
VERTUO,000000000012946383,CUCUMBER,18-Y3-EUR-9613
GIDEON,000000000012994438,CUCUMBER,18-Y3-EUR-1317
GARPO,000000000012336918,CUCUMBER,14-Y3-EUR-1231
KEYSTONE,000000000013050433,CUCUMBER,19-Y3-EUR-9615
DAVIDA,000000000012591382,CUCUMBER,16-Y3-EUR-1266
GEORGIA,000000000012836567,CUCUMBER,17-Y3-EUR-1301
BELGINO,000000000012072636,CUCUMBER,12-EG-BAP-1527
SVCB4521,000000000012811822,CUCUMBER,17-EG-BAP-4521
SV6608CB,000000000011975948,CUCUMBER,12-EG-BAP-5322
SV0684CB,000000000011727770,CUCUMBER,11-EG-BAP-0684
SHAHEER,000000000013036697,CUCUMBER,18-EG-BAP-5840
KISMET,000000000012856314,CUCUMBER,17-EG-BAP-7865
SV8547CB,000000000011864638,CUCUMBER,12-EG-BAP-8547
SOGNO VERDE,000000000012263810,CUCUMBER,14-EG-BAP-8945
SVCB7335,000000000012819164,CUCUMBER,17-EG-BAP-7335
AMENO VERDE,000000000030119738,CUCUMBER,18-EG-BAP-6779
MONZA,000000000012126276,CUCUMBER,13-EG-BAP-5180
TENEDOS,000000000012100501,CUCUMBER,13-EG-BAP-5342
SV8552CB,000000000011864880,CUCUMBER,12-EG-BAP-8552
RIPLEY,000000000012126274,CUCUMBER,13-EG-BAP-5187
SVCB7340,000000000012856592,CUCUMBER,17-EG-BAP-7340
SVCB4875,000000000012451633,CUCUMBER,15-EG-BAP-4679
SV5603CB,000000000012294590,CUCUMBER,14-EG-BAP-8781
TMEEM,000000000011727772,CUCUMBER,11-EG-BAP-0046
BAZELET,000000000012532330,CUCUMBER,15-EG-BAP-1958
SV9448CB,000000000012101145,CUCUMBER,13-EG-BAP-8900
ALTOVERDE,000000000012856472,CUCUMBER,16-EG-BAP-3451
NIMR,000000000012388152,CUCUMBER,15-EG-BAP-8968
AYOUBI VERDE,000000000030119730,CUCUMBER,18-EG-BAP-6778
KNIGHT VERDE,000000000012989277,CUCUMBER,16-EG-BAP-1339
AYBAK VERDE,000000000030119734,CUCUMBER,18-EG-BAP-6770
INVICTUS,000000000012538063,CUCUMBER,14-Y2-EUR-4512
ESTELAR,000000000030068528,CUCUMBER,18-Y2-EUR-8591
SV0091CE,000000000011625436,CUCUMBER,11-Y2-EUR-0091
SV5047CE,000000000011867961,CUCUMBER,12-Y2-EUR-5047
TESEO,000000000012097070,CUCUMBER,12-Y2-EUR-2052
SUMUN,000000000011867053,CUCUMBER,11-EF-PSL-1041
SV2516CP,000000000011864441,CUCUMBER,15492516
SV6836CP,000000000011987767,CUCUMBER,10-EF-PSL-1536
AURIGA,000000000012187185,CUCUMBER,11-EF-PSL-1040
SIRE R,000000000011655065,CUCUMBER,SIRE-R
SVCL1479,000000000012800121,CUCUMBER,16-M3-POL-1479
CHAPERON,000000000012473553,CUCUMBER,13-M3-POP-0307
SV7135CN,000000000020016672,CUCUMBER,SVR14727135
PEACEMAKER,000000000012185784,CUCUMBER,13-M3-POP-0498
STRONGHOLD,000000000013046538,CUCUMBER,16-M3-POP-1393
GATEHOUSE,000000000013046594,CUCUMBER,16-M3-POP-1395
ESPIRIT,000000000012798499,CUCUMBER,15-M3-POP-1192
CITADEL,000000000012185786,CUCUMBER,13-M3-POP-0506
SARGENTO,000000000011970718,CUCUMBER,SVR14784792
BRISTOL UNBL,000000000011966840,CUCUMBER,SVR14784825
RACEWAY,000000000012697783,CUCUMBER,14-M3-ASL-0927
SVCS0542 UNBL,000000000030114051,CUCUMBER,18-M3-ASL-0542
BRICKYARD,000000000012697457,CUCUMBER,13-M3-ASL-0087
RACE TRACK,000000000030114055,CUCUMBER,17-M3-ASL-0029
SVCD5067,000000000030105250,CUCUMBER,18-EG-BAT-5067
BEBARS,000000000030105246,CUCUMBER,18-EG-BAT-5134
SV7298CQ,000000000011990191,CUCUMBER,10496060
AMARANTO STOCK,000000000013027950,"BEAN, DRY",
AMARANTO,000000000012262816,"BEAN, DRY",14-C6-BRB-0001
SV1893GH STOCK,000000000030005575,"BEAN, DRY",
SV1893GH,000000000012262812,"BEAN, DRY",12-NAV-1200
SV6139GR STOCK,000000000012696169,"BEAN, DRY",
SV6139GR,000000000012186991,"BEAN, DRY",12-PIN-1012
COMPETITOR,000000000012057792,"BEAN, GARDEN",11-C6-FIV-1521
SVGV2138,000000000030115624,"BEAN, GARDEN",20-DJ-FIV-2138
DARK HORSE,000000000030011378,"BEAN, GARDEN",19-DJ-FMG-2118
SVGG1312,000000000012781736,"BEAN, GARDEN",16-DK-FMG-1312
AFFIRMED,000000000012057796,"BEAN, GARDEN",10-C6-FMG-1379
NYQUIST,000000000013033769,"BEAN, GARDEN",18-DJ-FMG-2097
GOUTI,000000000012072704,"BEAN, GARDEN",09-DK-FMS-1544
KIBOKO,000000000012964395,"BEAN, GARDEN",17-DK-FMS-1566
TIEZO,000000000012330360,"BEAN, GARDEN",14-DK-FMS-1557
GIULIVO,000000000012330344,"BEAN, GARDEN",13-DK-FMS-1556
GREEN DELICIOUS,000000000012833762,"BEAN, GARDEN",17-DJ-FOR-2091
SV1136GF,000000000011603826,"BEAN, GARDEN",FORC6V1136
JUSTIFY,000000000030119295,"BEAN, GARDEN",19-DJ-FOR-2123
TAKOUNYA,000000000012781744,"BEAN, GARDEN",16-DK-ONE-1174
ASTUTE,000000000012339576,"BEAN, GARDEN",12-DJ-ONE-1783
FIRDAOUSS,000000000012498481,"BEAN, GARDEN",13-DK-PLB-3216
SV3212GP,000000000011789149,"BEAN, GARDEN",09-DK-PLF-3212
SV3213GP,000000000011825027,"BEAN, GARDEN",09-DK-PLF-3213
TOPALEDA,000000000013077181,"BEAN, GARDEN",18-DK-PLB-5312
SOLFERINA,000000000012501553,"BEAN, GARDEN",14-DK-RFB-1821
STRONGA,000000000012964407,"BEAN, GARDEN",17-DK-RFB-1825
USAMBARA,000000000012354718,"BEAN, GARDEN",12-DK-RMB-1818
KUNDURA,000000000012659261,"BEAN, GARDEN",15-DK-THR-1295
SV1286GW,000000000011789144,"BEAN, GARDEN",10-DK-TWS-1286
BARCELONA,000000000013077007,"BEAN, GARDEN",18-DK-TWS-1204
GALANGA,000000000012330348,"BEAN, GARDEN",13-DK-TWS-1292
TUNIS,000000000013077005,"BEAN, GARDEN",18-DK-TWS-1203
CLERMONT,000000000012964414,"BEAN, GARDEN",17-DK-TWS-1201
SV0962QB,000000000011984002,PEA,DGI-C8101326
ICE PACK STOCK,000000000012397148,PEA,
SPRING STOCK,000000000012626396,PEA,
SV5795QE,000000000012192900,PEA,DLEC811-1463
SHERWOOD STOCK,000000000012383617,PEA,
SV0371QF STOCK,000000000012528415,PEA,
HACIENDA STOCK,000000000012391559,PEA,
BOLERO STOCK,000000000012626398,PEA,
SV7688QF,000000000011698924,PEA,DLFC710-1335
SV3290QF,000000000012192352,PEA,13-C7-DLF-1491
SV0893QF STOCK,000000000012489724,PEA,
SV0935QF STOCK,000000000012391813,PEA,
ASHTON STOCK,000000000012489726,PEA,
SV7688QF STOCK,000000000012528413,PEA,
AMNICON,000000000012192354,PEA,13-C7-DLF-1476
SV5685QG,000000000011696627,PEA,DLLC810-1343
HYPERION STOCK,000000000012489427,PEA,
PROMETHEUS STOCK,000000000012489429,PEA,
SV1022QG,000000000011529212,PEA,DLLC7091022
LAZOR STOCK,000000000012489721,PEA,
SV6844QG,000000000011978430,PEA,DLLC811-1500
SV0823QG,000000000012192169,PEA,13-C7-DLL-1504
SV8112QH,000000000011698922,PEA,DLSC710-1333
SV0969QH,000000000011529226,PEA,DLSC7080969
TALBOT STOCK,000000000012626422,PEA,
RELIANCE STOCK,000000000012391797,PEA,
SV8112QH STOCK,000000000012907822,PEA,
SV3628QH,000000000012192134,PEA,13-C7-DLS-1465
LOTUS STOCK,000000000012626420,PEA,
ROMANCE STOCK,000000000012391805,PEA,
SV3628QH STOCK,000000000012907648,PEA,
SV1084QJ,000000000011978426,PEA,LGSC811-1414
SV7944QJ,000000000011978428,PEA,LGSC811-1401
SV8138QJ,000000000012208123,PEA,LGSC811-1421
SVSA7178,000000000030113012,SWEET CORN,20-6S-QHB-7178
SKYRAY,000000000012962774,SWEET CORN,18-6S-QHB-0646
SVSA4153,000000000030006528,SWEET CORN,19-6S-QHB-4153
AFFECTION,000000000012508512,SWEET CORN,15-6S-QHB-4743
WHITAKER,000000000012962868,SWEET CORN,18-6S-QHW-4723
SV1580SC,000000000011820503,SWEET CORN,11-6R-QHW-1580
SVSC3795,000000000030007238,SWEET CORN,19-6S-QHW-3795
SVSD0784,000000000030110384,SWEET CORN,20-6S-QHY-0784
SV1446SD,000000000011820875,SWEET CORN,QHY6RH1446
SVSD0361,000000000030007240,SWEET CORN,19-6S-QHY-0361
SVSK4540,000000000030007252,SWEET CORN,19-6S-SHY-4540
SV1365SK,000000000011585448,SWEET CORN,SHY6RH1365
SVSK0391,000000000012349542,SWEET CORN,14-6S-SHY-0391
BIGHORN,000000000012501924,SWEET CORN,15-6S-SHY-4048
BULL MOOSE,000000000012502940,SWEET CORN,15-6S-SHY-6143
SV7538SK,000000000011991601,SWEET CORN,12-6S-SHY-1587
SV1514SK,000000000011732963,SWEET CORN,11-6R-SHY-1514
MESSENGER,000000000012352133,SWEET CORN,14-6S-SHY-1899
SV1339SK,000000000011535261,SWEET CORN,SHY6RH1339
PRONGHORN,000000000012502640,SWEET CORN,15-6S-SHY-5854
SVSK2949,000000000030115240,SWEET CORN,20-6S-SHY-2949
SVSU5255,000000000013106113,SWEET CORN,19-6S-SUY-5255
SC1263R,000000000012538098,SWEET CORN,16-6S-SUY-5503
HONEY SUGAR,000000000030106832,SWEET CORN,19-AV-TSY-0411
SWEET COAST,000000000030106814,SWEET CORN,19-AV-TSY-0363
OTTAVIANO,000000000012892279,FENNEL,16-KR-FAW-8346
AUGUSTO,000000000012263972,FENNEL,13-KR-FAW-1991
TRAIANO,000000000013056883,FENNEL,16-KR-FAW-8715
SV5057FM,000000000011750115,FENNEL,10-KR-SUM-5057
CARTESIO,000000000012568688,FENNEL,14-KR-SUM-3329
SVVA7468,000000000030109756,SPINACH,19-S0-ORN-7468
SVVA3845,000000000012656275,SPINACH,11-S0-ORN-3845
SVVA0985,000000000012514788,SPINACH,14-S0-ORN-7227
SV3749VA,000000000011777704,SPINACH,10-S0-ORN-3749
SVVA5459,000000000012339572,SPINACH,12-S0-ORN-3950
SVVA4099,000000000012339574,SPINACH,12-S0-ORN-3944
RANGITOTO,000000000012829223,SPINACH,17-S0-SAV-5892
KONA,000000000012961455,SPINACH,18-S0-SAV-2636
SVVB3719,000000000012338834,SPINACH,13-S0-SAV-2335
MOTUTAPU,000000000012829221,SPINACH,17-S0-SAV-5873
MAGNETIC,000000000012540830,SPINACH,15-S0-SAV-2533
MYKONOS,000000000012872939,SPINACH,16-S0-SAV-2553
JAVA,000000000012540800,SPINACH,15-S0-SMT-5568
ANTIGUA,000000000012516758,SPINACH,14-S0-SMT-5392
THANOS,000000000012957505,SPINACH,18-S0-SMT-5998
JOLO,000000000030007506,SPINACH,17-S0-SMT-5883
VOSTOK,000000000030115402,SPINACH,17-S0-SMT-5840
OBIRA,000000000030007508,SPINACH,16-S0-SMT-5793
UPOLU,000000000012730860,SPINACH,16-S0-SMT-5810
BYLOT,000000000012686512,SPINACH,15-S0-SMT-5613
TIMOR,000000000012961451,SPINACH,17-S0-SMT-5841
BORNEO,000000000012830569,SPINACH,16-S0-SMT-5796
SV2994VC,000000000011991170,SPINACH,066-0-1847
BERKNER,000000000012686514,SPINACH,15-S0-SMT-5593
MELVILLE,000000000012540808,SPINACH,15-S0-SMT-5581
MALVAC,000000000030132676,LETTUCE,20-E5-BAV-0066
ALWENNA,000000000030132624,LETTUCE,20-E5-BAV-1440
PLANTELA,000000000030074379,LETTUCE,19-E5-BAV-4926
PANORAMIS,000000000012909337,LETTUCE,18-E5-BUT-9742
FRILLASTI,000000000013037408,LETTUCE,19-E5-FRI-1403
VESPAC,000000000013063958,LETTUCE,19-E5-BAV-3101
CLERAC,000000000012957496,LETTUCE,18-E5-BAV-4472
SV6621LA,000000000012123077,LETTUCE,12-YU-BAV-2628
SV2921LA,000000000012298192,LETTUCE,13-YU-BAV-1990
LOUBRESSAC,000000000012431054,LETTUCE,15-YU-BAV-1504
SVLA5166,000000000012788930,LETTUCE,17-E5-BAV-5166
BAZILLAC,000000000012915903,LETTUCE,18-E5-BAV-1140
CHOUPAC,000000000030007500,LETTUCE,19-E5-BAV-1111
SV1235LB,000000000011953306,LETTUCE,PX-06511118
SVLC0286,000000000012337176,LETTUCE,13-G4-CHC-4160
SLOT MACHINE,000000000012759338,LETTUCE,17-8W-CHD-2043
POWERBALL,000000000013011313,LETTUCE,19-8W-CHD-9013
SV7735LD,000000000011953180,LETTUCE,PX-06515099
BANKROLL,000000000012759340,LETTUCE,17-8W-CHD-1830
GREAT,000000000012414499,LETTUCE,14-7S-CHD-1642
SV0822LD,000000000012109373,LETTUCE,PX-06517114
SVLD0093,000000000030066749,LETTUCE,19-8W-CHD-0093
SV1869LG,000000000011915047,LETTUCE,13-8W-CRC-0006
SV7772LG,000000000011980048,LETTUCE,PX-06511441
FREELOU,000000000012831659,LETTUCE,17-YU-OKL-3191
SV8893LN,000000000011670505,LETTUCE,PX-06518893
SVDC4193,000000000012528328,CARROT,15-7M-CAP-2022
SVDC1978,000000000012386570,CARROT,14-7M-CAP-1978
SV0400DH,000000000012044574,CARROT,12-7M-CHL-3554
ABRAZO,000000000012767724,CARROT,16-7M-CHL-3729
LES SAINTES,000000000012527961,CARROT,14-7M-CHL-3610
LEGRANA,000000000013052779,CARROT,18-7M-CHL-3780
ORANGEBLAZE,000000000012528332,CARROT,15-7M-CTL-2672
SV4128DL,000000000012217950,CARROT,12-7M-CTL-2542
CARIBOU,000000000012351281,CARROT,14-R9-NAN-4776
ORANGE DIAMOND,000000000012512114,CARROT,15-R9-NAN-5422
SVDN9207,000000000030134744,CARROT,21-R9-NAN-9207
SILVERSTAR,000000000030063804,CARROT,19-7M-NAN-5904
CAHOOT,000000000030033809,CARROT,20-R9-NAN-8860
SVDN9213,000000000030134753,CARROT,21-R9-NAN-9213
SVDN8577,000000000030033772,CARROT,20-R9-NAN-8577
SVDN5865,000000000012560777,CARROT,16-R9-NAN-5865
CARRUBA,000000000012560761,CARROT,16-R9-NAN-5756
CARVALO,000000000012351283,CARROT,14-R9-NAN-4427
CARLANO,000000000012207962,CARROT,13-R9-NAN-4252
CATANIA,000000000012879550,CARROT,18-R9-NAN-7396
SVDN6487,000000000012800450,CARROT,17-R9-NAN-6487
SV7390DT,000000000012087418,CARROT,12-KC-NAT-1009
GOSTAR,000000000011992971,LEEK,12-HG-EAT-6770
AVASTAR,000000000012837517,LEEK,17-HG-SMR-0612
MOTLEY RED,000000000030005010,ONION,18-SL-OLR-4677
RED GARCIA,000000000012892501,ONION,18-SL-OLR-1608
RED MARLEY,000000000012961501,ONION,16-SL-OLR-1298
TACANA,000000000012514046,ONION,15-SL-OLW-4139
TUCANNON,000000000011994550,ONION,EX07713741
SACRAMENTO,000000000012514058,ONION,15-SL-REC-0100
SVNV1672,000000000013092100,ONION,19-SL-REC-1672
ALMANZORO,000000000012820445,ONION,17-SL-REC-1507
HATCHET,000000000012832035,ONION,17-SL-SPN-1526
CRUSHER,000000000012540979,ONION,16-SL-SPN-1032
JAWBRIDGE,000000000012541421,ONION,16-SL-SPN-1026
OVERLOOK,000000000012541427,ONION,16-SL-STG-1141
KILLINGTON,000000000012535284,ONION,16-SL-STG-1496
POCONO,000000000012186141,ONION,13-SL-STG-8576
BARABOO,000000000012878521,ONION,18-SL-STG-7333
CATSKILL,000000000012349327,ONION,14-SL-STG-2824
SADDLEBACK,000000000012349325,ONION,14-SL-STG-2771
BOSSITO,000000000012263410,ONION,13-YO-LLY-0064
ROCKITO,000000000011603551,ONION,RX-07763700
LOVITO,000000000012537904,ONION,16-SL-LLY-1416
PACKITO,000000000012109260,ONION,SVS-96985
SHAKITO,000000000012387900,ONION,14-YO-LLY-0363
SV3557ND,000000000011603553,ONION,RX-07773557
SHEARWATER,000000000013016659,ONION,18-JS-MYS-3211
HARRIER,000000000012413242,ONION,14-JS-MYS-1933
RANGURU,000000000012087537,ONION,EX-07985018
SVNE7196,000000000013074726,ONION,18-UH-OMR-7196
RED FLOYD,000000000011844714,ONION,11-UH-OMR-3742
SVNE7194,000000000013074728,ONION,18-UH-OMR-7194
AJUSCO,000000000012387702,ONION,11-UH-OMW-5043
SEDA BLANCA,000000000012627651,ONION,15-UH-OMW-5143
CERINI,000000000012450020,ONION,12-UH-OMY-1541
SISKIYOU,000000000013074722,ONION,17-UH-OMY-2061
MINISTER,000000000012156696,ONION,11-UH-OMY-1123
HARLAN,000000000012616826,ONION,13-UH-OMY-1561
CODAL,000000000012323253,ONION,12-UH-OMY-1253
CLARKSON,000000000013074720,ONION,18-UH-OMY-2071
SVNG2075,000000000030095962,ONION,18-UH-OMY-2075
SV0106NG,000000000012156694,ONION,11-UH-OMY-1128
SV3588NJ,000000000012175095,ONION,EX-07593343
HOSHI,000000000011967194,ONION,EX-07593334
SWEET MAGNOLIA,000000000012295233,ONION,13-RV-OSG-5001
SWEET AZALEA,000000000012295231,ONION,EX-07593368
SV7030NS,000000000011651243,ONION,EX-07587030
RED HALEN,000000000012900257,ONION,18-RV-OSR-7044
SVNS7053,000000000030084800,ONION,19-RV-OSR-7053
RED MAIDEN,000000000012440158,ONION,15-RV-OSR-7036
ROCA BLANCA,000000000012762422,ONION,16-RV-OSW-6034
ALBA BLANCA,000000000012439066,ONION,14-RV-OSW-6002
SVNN1049,000000000012587904,ONION,16-RV-OSY-1049
HORNET,000000000012119775,ONION,EX-07521459
SVNN1127,000000000030084352,ONION,19-RV-OSY-1127
DUSTER,000000000011914043,ONION,EX-07593169
CHEVELLE,000000000012900261,ONION,17-RV-OSY-1071
NOMAD,000000000011915530,ONION,EX-07593337
SACHASEM,000000000012456872,ONION,15-RV-OSY-1038
HELLCAT,000000000012766391,ONION,16-RV-OSY-1069
TAKAHE,000000000012120917,ONION,12-RV-OTR-0008
SV0748NP,000000000012120913,ONION,12-RV-OTR-0003
SVNS7904,000000000013070841,ONION,SRL-RV19-7904
EKZELLA,000000000013070845,ONION,SRL-RV19-7905
SV1574EV,000000000012256688,EGGPLANT,13-XV-OVL-2177
CAPSIFORT,000000000011658058,PEPPER,CAPSIFORT
SVHB6680,000000000030129217,PEPPER,19-JX-BUL-6680
SVHA0786,000000000012988871,PEPPER,17-LP-ALG-0786
SVHA0919,000000000030037600,PEPPER,19-E6-ALG-0919
SVHA5033,000000000012988921,PEPPER,16-LP-ALG-5033
SVHA0020,000000000030109029,PEPPER,19-GB-ALG-0020
SVHA1452,000000000012893449,PEPPER,17-S9-ALG-1452
SVHA8913,000000000012568114,PEPPER,15-S9-ALG-0507
SVHA9093,000000000013033733,PEPPER,17-LP-ALG-1088
SVHA1049,000000000013032415,PEPPER,17-S9-ALG-1049
SVHA3131,000000000012742888,PEPPER,15-LP-ALG-2580
SITARA GOLD,000000000012260426,PEPPER,14-LP-ALG-0002
SVHD3979,000000000012568540,PEPPER,15-E6-ALS-1502
SVHD1591,000000000030109025,PEPPER,19-E6-ALS-1591
CARRANZA,000000000012186490,PEPPER,10-FD-ANC-3452
SVHE8261,000000000012959968,PEPPER,11-FD-ANC-8261
SVHE5952,000000000030059548,PEPPER,14-FD-ANC-9588
XALAPA,000000000011531269,PEPPER,PX-11486710
SPITFIRE,000000000012278094,PEPPER,10-FD-ANH-4845
SV5508,000000000012928047,PEPPER,18-E6-ASH-5508
SVHM1377,000000000030053167,PEPPER,19-S9-ASH-1377
SHIKHA,000000000013032088,PEPPER,17-S9-ASH-1619
SUNDRI-2,000000000030038072,PEPPER,19-E6-ASH-5517
SV7864HM,000000000011969413,PEPPER,12-E6-ASH-9607
SV9512HM,000000000011847973,PEPPER,10-E6-ASH-9512
SVHM5008,000000000030037964,PEPPER,19-E6-ASH-5008
PX-11459057,000000000011531267,PEPPER,PX-11459057
SVHJ5816,000000000030007456,PEPPER,18-FD-JAL-5816
SV3198HJ,000000000011695531,PEPPER,PX-11473198
SVHJ1497,000000000030036945,PEPPER,14-FD-JAL-1497
TZOTZIL,000000000012276364,PEPPER,11-FD-JAL-8632
SOLTANE,000000000030039445,PEPPER,13-FD-NAF-6401
BECAN,000000000011878682,PEPPER,SVR-1140-4951
SOMBRERETE,000000000020017137,PEPPER,SVR-1140-5276
DR0719PB,000000000011715084,PEPPER,11-XZ-BLK-0719
ALISON,000000000012610590,PEPPER,16-XZ-BLK-1709
CRISANTO,000000000012935512,PEPPER,18-XZ-BLK-2645
LEMONCELLO,000000000012143211,PEPPER,13-XD-BLK-2602
DRPB1745,000000000030106770,PEPPER,20-XZ-BLK-1745
EVERLEY,000000000012610604,PEPPER,16-XZ-BLK-2635
COZEY,000000000012447608,PEPPER,14-XD-BLK-2624
SOLSTICE,000000000012789848,PEPPER,17-XZ-BLK-0743
ADANSON,000000000030054729,PEPPER,18-XZ-BLK-1725
KITRINO,000000000012276562,PEPPER,12-8T-BLK-0713
SVPB1112,000000000012996864,PEPPER,19-LL-BLK-1112
RULFO,000000000012740439,PEPPER,14-8T-BLK-8973
LUCIANO,000000000012741494,PEPPER,16-8T-BLK-3765
ICAZA,000000000012311584,PEPPER,14-XD-BLK-2610
ARGAMAN,000000000012694918,PEPPER,14-LL-BLK-5768
SVPB1008,000000000012896296,PEPPER,18-LL-BLK-1008
SV9908PB,000000000011882593,PEPPER,12-8T-BLK-1172
SVPB1177,000000000030094595,PEPPER,20-LL-BLK-1177
ZAYAS,000000000012740471,PEPPER,14-8T-BLK-9039
SV1204PB,000000000011850039,PEPPER,11-YC-BLK-1204
TORMES,000000000012256039,PEPPER,13-YC-BLK-3018
CARAVAGGIO,000000000012386996,PEPPER,14-8T-BLK-6305
TAMAYO,000000000012387018,PEPPER,14-8T-BLK-6269
ARDANZA,000000000012149838,PEPPER,13-YC-BLK-1222
SV5581PH,000000000011863371,PEPPER,12-XG-HLG-5581
BARREIROS,000000000030036612,PEPPER,19-XG-HLG-5782
BAQUERO,000000000012294825,PEPPER,13-XG-HLG-5593
DELOR,000000000012489494,PEPPER,14-E8-HLG-5191
SVPP1876,000000000012607712,PEPPER,15-E8-PNT-9788
SVPS9064,000000000013022385,PEPPER,17-E7-SPE-9064
DUNBAR,000000000012181480,PEPPER,10-8T-BLK-4208
SVPB0599,000000000030063104,PEPPER,18-E7-BLK-0599
MOMENTUM,000000000012186426,PEPPER,09-8T-BLK-1617
REDFISH,000000000030007146,PEPPER,17-E7-BLK-9386
SVPB9503,000000000030112472,PEPPER,17-E7-BLK-9503
SVPB8500,000000000012894219,PEPPER,17-E7-BLK-8500
SVPB8415,000000000012344157,PEPPER,13-E7-BLK-8415
GREEN MACHINE,000000000020016876,PEPPER,10-HJ-BLK-0972
GAVIOTA,000000000012957840,PEPPER,17-8T-BLK-9514
LA JOLLA,000000000012959445,PEPPER,17-8T-BLK-9516
TURNPIKE,000000000011986152,PEPPER,09-E7-BLK-5059
SV6420PB,000000000012277690,PEPPER,12-HJ-BLK-4050
MAXIMINUS,000000000012159124,PEPPER,11-8T-BLK-8886
PLAYMAKER,000000000012344161,PEPPER,11-E7-BLK-6988
AUTRY,000000000020016854,PEPPER,10-HJ-BLK-0964
ELDRIDGE,000000000012181478,PEPPER,10-8T-BLK-4227
ANTEBELLUM,000000000011696361,PEPPER,99982040
SVPB4272,000000000012894183,PEPPER,16-8T-BLK-4272
PIEDONE,000000000012447640,PEPPER,15-E8-BLK-8043
SV1865PB,000000000011680894,PEPPER,PX-2791865
TERRA MAR,000000000012186432,PEPPER,10-8T-BLK-4564
TARPON,000000000012827350,PEPPER,16-E7-BLK-7140
SV9699PB,000000000011985620,PEPPER,10-8T-BLK-3432
SV1675PB,000000000011653029,PEPPER,09-8T-BLK-1675
YELLOWJEWEL,000000000030112298,PEPPER,19-8T-BLK-8919
YELLOWFIN,000000000030062681,PEPPER,18-E7-BLK-2713
MARX,000000000012389064,PEPPER,12-8T-BLK-0132
HAMMERHEAD,000000000030063108,PEPPER,16-E7-BLK-9313
SVPB8193,000000000012344155,PEPPER,12-E7-BLK-8193
PFEIFFER,000000000012473225,PEPPER,14-8T-BLK-8464
SAILFISH,000000000012960175,PEPPER,16-E7-BLK-7456
RED MISSION,000000000030112302,PEPPER,19-8T-HLG-8928
SV1634PH,000000000012112095,PEPPER,10-HJ-HLG-0885
RED IMPACT,000000000012446808,PEPPER,13-8T-HLG-3142
RED CYCLONE,000000000012827336,PEPPER,12-8T-HLG-2138
LANDAU,000000000012623381,PEPPER,11-HJ-HLG-2490
BARRIER,000000000012655881,PEPPER,15-E8-PNT-8735
KUBAT,000000000030007464,PEPPER,19-E8-PNT-8761
TONTON,000000000012178740,PEPPER,12-XE-PNT-8710
SVPP0942,000000000030059557,PEPPER,16-FD-PNT-0942
KAPRIMA,000000000011846555,PEPPER,11-XE-PNT-8706
IMBAT,000000000011984525,PEPPER,12-XE-PNT-8707
EXUMA,000000000030060277,PEPPER,18-E7-SPE-2762
SVPS0953,000000000013022275,PEPPER,18-E7-SPE-0953
SVPS7311,000000000030060113,PEPPER,18-E7-SPE-7311
SVPS0897,000000000013022381,PEPPER,18-E7-SPE-0897
SVPS2784,000000000030063095,PEPPER,18-E7-SPE-2784
HEARTBEAT,000000000030112539,PEPPER,18-8T-ZSP-4566
PRITANNIA,000000000011707184,PEPPER,SPR-0129
CARCASSONE,000000000011847948,PEPPER,11-XE-ZSP-6801
EQUIFORT,000000000012634615,TOMATO,16-XI-TRS-0018
SVTX6258,000000000012101790,TOMATO,13-9S-TRS-2902
KRATOFORT,000000000012602848,TOMATO,16-XI-TRS-0032
IDEALFORT,000000000012315145,TOMATO,14-XI-TRS-0163
DYNAFORT,000000000012419174,TOMATO,15-XI-TRS-0170
BALANCEFORT,000000000012122291,TOMATO,13-XI-TRS-0155
VITALFORT,000000000012274074,TOMATO,14-XI-TRS-0159
YELORITA,000000000012565950,TOMATO,13-XL-FSP-6438
YARIMARU,000000000012935228,TOMATO,18-XM-FIP-4801
TATEMARU MUCHOO,000000000030103138,TOMATO,20-XM-FIP-4839
HAKUMARU,000000000012935224,TOMATO,18-XM-FIP-4821
FUJIMARU,000000000012447014,TOMATO,15-9R-FIP-0001
MIDELYCE,000000000030098658,TOMATO,19-XM-FIR-1032
DRTH2913,000000000030105411,TOMATO,18-A8-FIR-2913
NOVERO,000000000030105320,TOMATO,18-A8-FIR-2912
FERREIRA,000000000030105324,TOMATO,18-A8-FIR-2911
PRODICE,000000000030055267,TOMATO,20-XM-FIR-1034
JOURNEY,000000000012320482,TOMATO,14-9R-FIS-4087
SV0052TC,000000000012122703,TOMATO,13-9S-CCT-3460
MARASKINO,000000000012407008,TOMATO,14-XL-CCT-6779
SV1201TC,000000000011623402,TOMATO,DRC-1201
SVTC1505,000000000013066454,TOMATO,19-9S-CCT-8389
SVTC1951,000000000030037604,TOMATO,17-XL-CCT-1951
SV3324TC,000000000011987043,TOMATO,12-9S-CCT-2641
SV0313TG,000000000011685715,TOMATO,11-9S-FIP-0313
SVTG6406,000000000012737521,TOMATO,15-9S-FIP-6406
SVTG6232,000000000030130401,TOMATO,19-XJ-FIP-6232
MEI SHUAI,000000000012017310,TOMATO,12-9S-FIP-2042
SVTG6215,000000000013066325,TOMATO,19-9S-FIP-8270
ANTELAISI,000000000012573152,TOMATO,15-9S-FIP-5751
SVTG6300,000000000030093490,TOMATO,20-9S-FIP-6300
SVTG6413,000000000012889211,TOMATO,17-9S-FIP-6413
SVTG6223,000000000030038130,TOMATO,17-XJ-FIP-6223
SV0244TG,000000000011690037,TOMATO,11-9S-FIP-0244
SVTG6410,000000000012761552,TOMATO,16-9S-FIP-6410
PINKID,000000000012206523,TOMATO,13-9S-FIP-3004
TYGIANTS,000000000012737539,TOMATO,16-9S-FIP-6405
SVTG6412,000000000012737523,TOMATO,15-9S-FIP-6412
SVTG6418,000000000012889219,TOMATO,17-9S-FIP-6418
SVTG6213,000000000013036714,TOMATO,17-XJ-FIP-6213
SV4224TH,000000000011699336,TOMATO,11-XJ-FIR-4224
ROUJA,000000000012741780,TOMATO,15-XJ-FIR-4041
SVTH7012,000000000012352303,TOMATO,12-XJ-FIR-6634
SVTH1214,000000000012440452,TOMATO,15-XA-FIR-8026
SV3725TH,000000000011699186,TOMATO,11-XJ-FIR-3725
SVTH3053,000000000012909926,TOMATO,16-A8-FIR-3053
SVTH3047,000000000012900411,TOMATO,16-A8-FIR-3047
SV6172TH,000000000012041470,TOMATO,10AB8089
WRESTLER,000000000012436296,TOMATO,15-XA-FIR-8029
BESUTO,000000000012377337,TOMATO,14-XA-FIR-8008
ROVENTE,000000000011658079,TOMATO,DRW-5603
SVTH4805,000000000012693600,TOMATO,14-XJ-FIR-4805
SV7114TH,000000000012293953,TOMATO,11-XJ-FIR-2683
SEHER,000000000030118146,TOMATO,20-AY-FIR-4101
EL34,000000000012892630,TOMATO,16-XJ-FIR-2902
SV6112TH,000000000011732773,TOMATO,11-XJ-FIR-6112
JAQUE,000000000013009877,TOMATO,16-A8-FIR-3033
SVTH4816,000000000012914127,TOMATO,16-XJ-FIR-4816
SVTH1366,000000000012435206,TOMATO,14-XJ-FIR-0372
PARTOVA,000000000012256378,TOMATO,13-XA-FIR-7972
AMANKAY,000000000013009965,TOMATO,16-A8-FIR-3562
MAZINGER,000000000012988414,TOMATO,18-9W-FIR-2009
SVTH4040,000000000012741295,TOMATO,15-XJ-FIR-4040
SVTH0097,000000000012511598,TOMATO,14-XJ-FIR-0097
KAIJU,000000000012820698,TOMATO,16-A8-FIR-3052
SVTH6995,000000000012426182,TOMATO,14-XJ-FIR-0373
SV4129TH,000000000011667693,TOMATO,11-XJ-FIR-4129
REDKHAN,000000000012959542,TOMATO,15-XJ-FIR-4822
MADALYON,000000000013090000,TOMATO,18-9N-FIR-4093
BATEYO,000000000012076172,TOMATO,12-XF-FIR-7942
CALABARDINA,000000000012376313,TOMATO,14-XF-FIR-8006
MATISSIMO,000000000012317151,TOMATO,14-XA-FIR-7997
LAUJAR,000000000012077497,TOMATO,12-XF-FIR-7944
SVTJ7518,000000000012809319,TOMATO,16-YA-FIS-7518
SVTJ7512,000000000012809291,TOMATO,15-YA-FIS-7512
MACONDO,000000000013101270,TOMATO,17-YA-FIS-7819
SVTJ7821,000000000030097977,TOMATO,18-YA-FIS-7821
SVTJ7824,000000000030097974,TOMATO,18-YA-FIS-7824
APUESTO,000000000013101282,TOMATO,17-YA-FIS-7809
ZENZEI,000000000012300269,TOMATO,14-XA-FIS-2233
LEVANTE,000000000012174852,TOMATO,13-XF-FSP-7035
PINK DELICIOUS,000000000012987459,TOMATO,15-A8-FIP-0347
SV0215TH,000000000011857720,TOMATO,11-A8-FIR-0215
COMANDANTY,000000000013105610,TOMATO,19-9W-FIR-3938
SVTH3439,000000000012987447,TOMATO,16-A8-FIR-3439
BABINDA,000000000012938666,TOMATO,15-A8-FIR-2868
KARDEAL,000000000013105947,TOMATO,19-9W-FIR-3936
SVTH3532,000000000012987438,TOMATO,16-A8-FIR-3532
BETTER BOY PLUS,000000000012987453,TOMATO,16-A8-FIR-3452
LEMON BOY PLUS,000000000012987435,TOMATO,16-A8-FIR-3445
MANIK,000000000012604615,TOMATO,12-XJ-FIR-6805
SVTH4903,000000000012403273,TOMATO,12-9Q-FIR-2500
SVTH4379,000000000012440168,TOMATO,15-9W-FIR-8032
KELTOUM,000000000012565828,TOMATO,15-9W-FIR-8036
SVTH0361,000000000012414910,TOMATO,15-9W-FIR-8025
BIG BEEF PLUS,000000000012987456,TOMATO,16-A8-FIR-3438
SVTH4837,000000000030052935,TOMATO,18-XJ-FIR-4837
GADA,000000000012569357,TOMATO,16-XA-FIS-2236
REVENANT,000000000012332173,TOMATO,12-AY-FDR-6964
SVTD8080,000000000030135175,TOMATO,18-AY-FDR-8080
KAUSHAL,000000000012413494,TOMATO,14-9P-FDR-0220
SVTD8450,000000000030088982,TOMATO,17-A8-FDR-8450
ALTBEK,000000000012623508,TOMATO,15-XJ-FDR-8016
WINDUP,000000000012761590,TOMATO,17-9Q-FDR-8601
MYRTLE,000000000012417337,TOMATO,12-9Q-FDR-6169
SVTD8033,000000000012793026,TOMATO,15-XJ-FDR-8033
SVTD8042,000000000012804643,TOMATO,15-XJ-FDR-8042
CELEBRITY PLUS,000000000012987432,TOMATO,16-A8-FDR-4081
SV2466TD,000000000012150924,TOMATO,08-AY-FDR-1620
SV7002TD,000000000012318990,TOMATO,11-XJ-FDR-3330
SOUTHERN RIPE,000000000011977653,TOMATO,EX-15586087
EX15567101,000000000011277515,TOMATO,
JAMESTOWN,000000000012417343,TOMATO,13-9Q-FDR-1697
SHIVANG,000000000012896920,TOMATO,16-9P-FDR-8329
SAYBROOK,000000000012516944,TOMATO,13-9Q-FDR-3007
YAKEEN,000000000013072014,TOMATO,17-XJ-FDR-8059
SVTD8323,000000000012894445,TOMATO,17-9P-FDR-8323
JEDA,000000000012121271,TOMATO,11AB1859
SVTD8036,000000000012804623,TOMATO,13-AY-FDR-8036
ASHUTOSH,000000000012742748,TOMATO,15-9P-FDR-2412
SVTD2094,000000000012515444,TOMATO,13-AY-FDR-7510
DURG,000000000012587872,TOMATO,15-9P-FDR-0084
NJOUD,000000000012732467,TOMATO,15-AY-FDR-8027
MULTIFLORA,000000000012804647,TOMATO,17-XJ-FDR-8038
AGASTYA,000000000012896938,TOMATO,17-9P-FDR-8331
SVTE8803,000000000013022692,TOMATO,16-XJ-FDS-8803
BEAMA,000000000030052901,TOMATO,17-XJ-FDS-8705
YODDHA,000000000013051648,TOMATO,18-HN-FDS-8605
BERNETTA,000000000012458780,TOMATO,13-XJ-FDS-9396
SVTE4746,000000000012516192,TOMATO,13-XJ-FDS-9389
GUANACASTE,000000000012649869,TOMATO,14-XJ-FDS-9816
KIRTIMAN,000000000030062945,TOMATO,18-HN-FDS-8613
ANSAL,000000000012402154,TOMATO,13-9P-FDS-4777
CAZAHUATE,000000000030059965,TOMATO,17-XJ-FDS-8833
VIRANG,000000000012413507,TOMATO,14-HN-FDS-4448
BEDERO,000000000012947308,TOMATO,15-XJ-FDS-8702
ARYAMAN,000000000012742870,TOMATO,14-HN-FDS-8518
POCHOTE,000000000013022679,TOMATO,16-XJ-FDS-8804
BASSIMO,000000000012741300,TOMATO,12-XJ-FDS-8700
REDJAYDA,000000000013051744,TOMATO,16-HN-FDS-8584
ATHARVA,000000000012895221,TOMATO,15-HN-FDS-8530
SVTE6653,000000000012401166,TOMATO,13-XJ-FDS-2671
BRIVIO,000000000012150928,TOMATO,13-XJ-FDS-8154
KAUSTUBH,000000000012896947,TOMATO,16-HN-FDS-8541
SVTE8444,000000000012401170,TOMATO,14-XJ-FDS-9791
TARIQUIA,000000000012494220,TOMATO,12-XJ-FDS-5555
SVTE8832,000000000012649867,TOMATO,15-XJ-FDS-8832
BARRICK,000000000030104972,TOMATO,18-XL-PMU-9334
SVTM9027,000000000013105601,TOMATO,17-9Z-PMU-9027
SVTM9336,000000000030105210,TOMATO,18-9Z-PMU-9336
SVTM9037,000000000030106502,TOMATO,19-9Z-PMU-9037
SVTM9013,000000000012809407,TOMATO,16-9Z-PMU-9013
SVTM9023,000000000012952327,TOMATO,16-9Z-PMU-9023
SVTM9025,000000000012951791,TOMATO,17-9Z-PMU-9025
SVTM9021,000000000012952552,TOMATO,17-9Z-PMU-9021
SVTM9032,000000000013105563,TOMATO,17-9Z-PMU-9026
SVTM9034,000000000030106499,TOMATO,18-9Z-PMU-9034
SVTM9036,000000000030106496,TOMATO,18-9Z-PMU-9036
SVTM9016,000000000012809454,TOMATO,15-9Z-PMU-9016
SVTM1082,000000000012458459,TOMATO,14-9Z-PMU-0643
INCIPIT,000000000012634599,TOMATO,13-XL-PMU-9300
SVTM9033,000000000030106470,TOMATO,19-9Z-PMU-9033
SVTM9000,000000000012648885,TOMATO,14-9Z-PMU-9000
SVTM9028,000000000013105566,TOMATO,18-9Z-PMU-9028
SVTM9019,000000000012952304,TOMATO,15-9Z-PMU-9019
SVTM9018,000000000012952520,TOMATO,16-9Z-PMU-9018
EVENTUS,000000000012804615,TOMATO,17-AA-PPR-9603
SV5197TP,000000000011747592,TOMATO,11-AA-PPR-5197
